[
    {
        "title": "Sale cricket watch phone Best Sale Boat Wave Pro 47 smartwatch launched with Live Cricket Score",
        "description": "More information about cricket watch phone Best Sale Boat Wave Pro 47 smartwatch launched with Live Cricket Score.",
        "source": "Born2Invest",
        "url": "https://born2invest.com/%3Fb%3Dstyle-719347112&ved=2ahUKEwiTxZGfgKiSAxURT2cHHQpkABQQxfQBegQIBRAC&usg=AOvVaw0gUu6_JIWWNBZaHTNJyA2p",
        "published_at": "1 day ago",
        "content": "More information about cricket watch phone Best Sale Boat Wave Pro 47 smartwatch launched with Live Cricket Score."
    },
    {
        "title": "Wrap Nimbleness With These Highly Reviewed Smartwatches From Samsung, boAt, and More",
        "description": "Experience a perfect blend of speed and connectivity with some of the best smartwatches on Amazon, from brands like Samsung, boAt, Fastrack, and more keep...",
        "source": "Herzindagi",
        "url": "https://www.herzindagi.com/your-picks/gadget-zone/wrap-nimbleness-with-these-highly-reviewed-smartwatches-from-samsung-boat-and-more-11661&ved=2ahUKEwiTxZGfgKiSAxURT2cHHQpkABQQxfQBegQICRAC&usg=AOvVaw1XJ65NGdu9lQT855RPLYt_",
        "published_at": "4 days ago",
        "content": "Experience a perfect blend of speed and connectivity with some of the best smartwatches on Amazon, from brands like Samsung, boAt, Fastrack, and more keep..."
    },
    {
        "title": "Boat Wave Fortune smartwatch launched in India with NFC Tap & Pay and Bluetooth calling support",
        "description": "Boat has launched a new smartwatch in India called the Wave Fortune. The device adds contactless payment capabilities to Boat's growing wearable portfolio,...",
        "source": "MSN",
        "url": "https://www.msn.com/en-in/lifestyle/shopping/boat-wave-fortune-smartwatch-launched-in-india-with-nfc-tap-pay-and-bluetooth-calling-support/ar-AA1GXKxx%3Fapiversion%3Dv2%26domshim%3D1%26noservercache%3D1%26noservertelemetry%3D1%26batchservertelemetry%3D1%26renderwebcomponents%3D1%26wcseo%3D1&ved=2ahUKEwiTxZGfgKiSAxURT2cHHQpkABQQxfQBegQIChAC&usg=AOvVaw3hADc8YZtDP-nl36BDFiXQ",
        "published_at": "6 days ago",
        "content": "Boat has launched a new smartwatch in India called the Wave Fortune. The device adds contactless payment capabilities to Boat's growing wearable portfolio,..."
    },
    {
        "title": "Top storm boat smartwatch New Arrivals boAt Storm call 1.69 inch HD display with Bluetooth Calling 550",
        "description": "More information about storm boat smartwatch New Arrivals boAt Storm call 1.69 inch HD display with Bluetooth Calling 550.",
        "source": "Born2Invest",
        "url": "http://born2invest.com/%3Fb%3Dstyle-751917612&ved=2ahUKEwiTxZGfgKiSAxURT2cHHQpkABQQxfQBegQIAhAC&usg=AOvVaw0xV_4mAxVOuFgiY7yEceqa",
        "published_at": "1 week ago",
        "content": "More information about storm boat smartwatch New Arrivals boAt Storm call 1.69 inch HD display with Bluetooth Calling 550."
    },
    {
        "title": "Hot boat smartwatch call function 2026 The World of boAt Wave Connect Bluetooth Calling Smartwatch Stay",
        "description": "Product: boat smartwatch call function boAt Wave Connect Bluetooth Calling Smartwatch with 1.69, boAt Wave Call Smart Watch Smart Talk with Advanced...",
        "source": "Born2Invest",
        "url": "https://born2invest.com/%3Fb%3Dstyle-729737212&ved=2ahUKEwiTxZGfgKiSAxURT2cHHQpkABQQxfQBegQIBxAC&usg=AOvVaw2HyjktlgxG_JN2NR0MuIi5",
        "published_at": "1 week ago",
        "content": "Product: boat smartwatch call function boAt Wave Connect Bluetooth Calling Smartwatch with 1.69, boAt Wave Call Smart Watch Smart Talk with Advanced..."
    },
    {
        "title": "Cheap boat smart watches Shop Buy Boat Smart Watch Wave Connect Grey Online Lulu Hypermarket India",
        "description": "More information about boat smart watches Shop Buy Boat Smart Watch Wave Connect Grey Online Lulu Hypermarket India.",
        "source": "Born2Invest",
        "url": "https://born2invest.com/%3Fb%3Dstyle-674516012&ved=2ahUKEwiTxZGfgKiSAxURT2cHHQpkABQQxfQBegQIBhAC&usg=AOvVaw1HSpZbzqNRN9TO71gBDibw",
        "published_at": "1 week ago",
        "content": "More information about boat smart watches Shop Buy Boat Smart Watch Wave Connect Grey Online Lulu Hypermarket India."
    },
    {
        "title": "Cheap boat smartwatch under 2000 Online Smartwatch under 2000 From boAt Zebronics Boltt more Times",
        "description": "More information about boat smartwatch under 2000 Online Smartwatch under 2000 From boAt Zebronics Boltt more Times.",
        "source": "Born2Invest",
        "url": "https://born2invest.com/%3Fb%3Dstyle-727338812&ved=2ahUKEwiTxZGfgKiSAxURT2cHHQpkABQQxfQBegQICBAC&usg=AOvVaw1hyuRYAUhic8UUqZvZOkAA",
        "published_at": "1 week ago",
        "content": "More information about boat smartwatch under 2000 Online Smartwatch under 2000 From boAt Zebronics Boltt more Times."
    },
    {
        "title": "The Best Garmin Watch for Sailing: 2026’s top options tested",
        "description": "From luxury designs to smartwatch technology and boat interactivity, here's how we crowned the very best Garmin watch for sailors.",
        "source": "Yachting World",
        "url": "https://www.yachtingworld.com/yachts-and-gear/best-garmin-watch-148449&ved=2ahUKEwiTxZGfgKiSAxURT2cHHQpkABQQxfQBegQIBBAC&usg=AOvVaw22-H15pesMIYPHICnxNOAG",
        "published_at": "1 week ago",
        "content": "From luxury designs to smartwatch technology and boat interactivity, here's how we crowned the very best Garmin watch for sailors."
    },
    {
        "title": "Best Feature-Rich Smartwatches For Girls From Brands Like boAt, Fastrack, and More",
        "description": "Discover some of the best feature-rich smartwatches for girls offering enormous benefits like heart rate monitor, menstrual cycle tracking, sleep analysis,...",
        "source": "Herzindagi",
        "url": "https://www.herzindagi.com/your-picks/gadget-zone/best-feature-rich-smartwatches-for-girls-from-brands-like-boat-fastrack-and-more-11238&ved=2ahUKEwiTxZGfgKiSAxURT2cHHQpkABQQxfQBegQIAxAC&usg=AOvVaw02Lf4pVP1FjgzMxjjoQbo5",
        "published_at": "2 weeks ago",
        "content": "Discover some of the best feature-rich smartwatches for girls offering enormous benefits like heart rate monitor, menstrual cycle tracking, sleep analysis,..."
    },
    {
        "title": "Secret Santa Ideas 2025: boAt Smartwatches Everyone Will Love",
        "description": "Are you ready to flip the script on Secret Santa this year? We're ditching the basic mugs and random scented candles for something that really brings the...",
        "source": "The Hindu",
        "url": "https://www.thehindu.com/brandhub/secret-santa-ideas-2025-boat-smartwatches-everyone-will-love/article70473781.ece&ved=2ahUKEwiTxZGfgKiSAxURT2cHHQpkABQQxfQBegQIARAC&usg=AOvVaw3xppKFA7iUvRaWMmgKLHG3",
        "published_at": "3 weeks ago",
        "content": "Are you ready to flip the script on Secret Santa this year? We're ditching the basic mugs and random scented candles for something that really brings the..."
    },
    {
        "title": "Watch: Four men rescued from boat teetering on dam edge",
        "description": "Sailors saved from going over edge of huge dam. Footage shows the moment four men were pulled to safety after spending hours dangling off the edge of a 40m (...",
        "source": "BBC",
        "url": "https://www.bbc.com/news/videos/cj6wew4958eo&ved=2ahUKEwigwK-ggKiSAxXiT2wGHTI2FhA4ChDF9AF6BAgBEAI&usg=AOvVaw0ESed0pSLwfJ1ZYzhKbQ-t",
        "published_at": "3 weeks ago",
        "content": "Sailors saved from going over edge of huge dam. Footage shows the moment four men were pulled to safety after spending hours dangling off the edge of a 40m (..."
    },
    {
        "title": "U.S. Boat Strikes Shift to Pacific, Placing Colombia on Watch",
        "description": "U.S. Boat Strikes Shift to Pacific, Placing Colombia on Watch. All the strikes in recent weeks have taken place in the Pacific, reflecting Colombia's role in...",
        "source": "The New York Times",
        "url": "https://www.nytimes.com/2025/12/16/world/americas/boat-strikes-colombia-usa-trump-petro.html&ved=2ahUKEwigwK-ggKiSAxXiT2wGHTI2FhA4ChDF9AF6BAgCEAI&usg=AOvVaw2h6hFTQ6JUEYPis5OUk5yc",
        "published_at": "1 month ago",
        "content": "U.S. Boat Strikes Shift to Pacific, Placing Colombia on Watch. All the strikes in recent weeks have taken place in the Pacific, reflecting Colombia's role in..."
    },
    {
        "title": "Best Smartwatch Under 2500 for Daily Use: Choices From Boat, Noise, and More",
        "description": "Best Smartwatch Under 2500 for Daily Use: Choices From Boat, Noise, and More · boAt Lunar Discovery w/ 1.39\" (3.5 cm) HD Display, Smart Watch for Men · Noise...",
        "source": "Herzindagi",
        "url": "https://www.herzindagi.com/your-picks/gadget-zone/best-smartwatch-under-2500-for-daily-use-choices-from-boat-noise-and-more-10404&ved=2ahUKEwigwK-ggKiSAxXiT2wGHTI2FhA4ChDF9AF6BAgKEAI&usg=AOvVaw3TldV93ow5YOpgp-smbN10",
        "published_at": "1 month ago",
        "content": "Best Smartwatch Under 2500 for Daily Use: Choices From Boat, Noise, and More · boAt Lunar Discovery w/ 1.39\" (3.5 cm) HD Display, Smart Watch for Men · Noise..."
    },
    {
        "title": "Where to watch downtown Sarasota’s holiday boat parade on Saturday",
        "description": "The 39th annual Holiday Boat Parade of Lights on Sarasota Bay will take place 7 p.m. Saturday, Dec. 13, featuring 30 brightly decorated boats, with the best...",
        "source": "Sarasota Herald-Tribune",
        "url": "https://www.heraldtribune.com/story/entertainment/events/2025/12/10/where-to-watch-sarasota-holiday-boat-parade-2025/87704128007/&ved=2ahUKEwigwK-ggKiSAxXiT2wGHTI2FhA4ChDF9AF6BAgIEAI&usg=AOvVaw2bTS0cFU28ODEpLbZuDA66",
        "published_at": "1 month ago",
        "content": "The 39th annual Holiday Boat Parade of Lights on Sarasota Bay will take place 7 p.m. Saturday, Dec. 13, featuring 30 brightly decorated boats, with the best..."
    },
    {
        "title": "Where you can watch a free holiday boat parade in Southern California",
        "description": "Share this: · Dana Point 50th Annual Boat Parade of Lights · Shoreline Yacht Club Boat Parade · Marina del Rey Boat Parade · Huntington Harbour Boat Parade.",
        "source": "Orange County Register",
        "url": "https://www.ocregister.com/2025/12/08/where-you-can-watch-a-free-holiday-boat-parade-in-southern-california/&ved=2ahUKEwigwK-ggKiSAxXiT2wGHTI2FhA4ChDF9AF6BAgEEAI&usg=AOvVaw0MJttih7dezkbAkVFJCrPN",
        "published_at": "1 month ago",
        "content": "Share this: · Dana Point 50th Annual Boat Parade of Lights · Shoreline Yacht Club Boat Parade · Marina del Rey Boat Parade · Huntington Harbour Boat Parade."
    },
    {
        "title": "Here’s where to watch the 31st annual Palm Beach Holiday Boat Parade",
        "description": "Here's where to watch the 31st annual Palm Beach Holiday Boat Parade · North Palm Beach Country Club · Waterway Cafe (PGA) · Bert Winters Park (Juno) · Juno...",
        "source": "WFLX",
        "url": "https://www.wflx.com/2025/12/04/heres-where-watch-31st-annual-palm-beach-holiday-boat-parade/&ved=2ahUKEwigwK-ggKiSAxXiT2wGHTI2FhA4ChDF9AF6BAgFEAI&usg=AOvVaw06-v3r4QROi3L3eqjaevUZ",
        "published_at": "1 month ago",
        "content": "Here's where to watch the 31st annual Palm Beach Holiday Boat Parade · North Palm Beach Country Club · Waterway Cafe (PGA) · Bert Winters Park (Juno) · Juno..."
    },
    {
        "title": "WATCH: Trump defends boat strikes, attacks Somali immigrants in final Cabinet meeting of the year",
        "description": "WATCH: Trump defends boat strikes, attacks Somali immigrants in final Cabinet meeting of the year ... WASHINGTON (AP) — With Tuesday's White House Cabinet meeting...",
        "source": "PBS",
        "url": "https://www.pbs.org/newshour/politics/watch-live-trump-holds-a-cabinet-meeting-as-sept-2-boat-strike-comes-under-bipartisan-scrutiny&ved=2ahUKEwigwK-ggKiSAxXiT2wGHTI2FhA4ChDF9AF6BAgDEAI&usg=AOvVaw3asuwT4QSqkNWfLQcqOiV8",
        "published_at": "1 month ago",
        "content": "WATCH: Trump defends boat strikes, attacks Somali immigrants in final Cabinet meeting of the year ... WASHINGTON (AP) — With Tuesday's White House Cabinet meeting..."
    },
    {
        "title": "WATCH: Hegseth says he 'didn't stick around' after giving order for 1st boat strike on Sept. 2",
        "description": "WATCH: Hegseth says he 'didn't stick around' after giving order for 1st boat strike on Sept. 2 ... Defense Secretary Pete Hegseth said Tuesday that he learned...",
        "source": "PBS",
        "url": "https://www.pbs.org/newshour/politics/watch-hegseth-says-he-didnt-stick-around-after-giving-order-for-1st-boat-strike-on-sept-2&ved=2ahUKEwigwK-ggKiSAxXiT2wGHTI2FhA4ChDF9AF6BAgJEAI&usg=AOvVaw2SeuHeZA1FLlKPIBEpznaN",
        "published_at": "1 month ago",
        "content": "WATCH: Hegseth says he 'didn't stick around' after giving order for 1st boat strike on Sept. 2 ... Defense Secretary Pete Hegseth said Tuesday that he learned..."
    },
    {
        "title": "WATCH: White House insists alleged drug boat attack was lawful, confirms second strike",
        "description": "WATCH: White House insists alleged drug boat attack was lawful, confirms second strike ... WASHINGTON (AP) — The White House said Monday that a Navy admiral...",
        "source": "PBS",
        "url": "https://www.pbs.org/newshour/politics/watch-live-white-house-holds-briefing-as-lawmakers-support-review-of-trumps-boat-strikes&ved=2ahUKEwigwK-ggKiSAxXiT2wGHTI2FhA4ChDF9AF6BAgGEAI&usg=AOvVaw0LINbVr53ODcTY4t1xCups",
        "published_at": "1 month ago",
        "content": "WATCH: White House insists alleged drug boat attack was lawful, confirms second strike ... WASHINGTON (AP) — The White House said Monday that a Navy admiral..."
    },
    {
        "title": "5 Best boAt Lunar Smartwatches: Premium Looks Without the Premium Price",
        "description": "The Lunar Discovery is engineered for the adventurous spirit, integrating advanced features that make navigation and tracking effortless. The boAt Lunar...",
        "source": "Herzindagi",
        "url": "https://www.herzindagi.com/your-picks/gadget-zone/best-boat-lunar-smartwatches-premium-looks-without-the-premium-price-9871&ved=2ahUKEwigwK-ggKiSAxXiT2wGHTI2FhA4ChDF9AF6BAgHEAI&usg=AOvVaw1xLaHJ2_BjiDGvzSQAraDk",
        "published_at": "1 month ago",
        "content": "The Lunar Discovery is engineered for the adventurous spirit, integrating advanced features that make navigation and tracking effortless. The boAt Lunar..."
    },
    {
        "title": "Explore SWFL: Naples Christmas Boat Parade is back for more festive nautical fun",
        "description": "You can watch the boat parade from Pinchers at Tin City, Riverwalk Restaurant, Naples Landing, Kelly's Fish House, the Boathouse on Naples Bay and Bayview Park.",
        "source": "Naples Daily News",
        "url": "https://www.naplesnews.com/story/life/2025/11/28/where-to-watch-the-naples-christmas-boat-parade-2025/87342310007/&ved=2ahUKEwjIr-WhgKiSAxVURmcHHSaiFuU4FBDF9AF6BAgBEAI&usg=AOvVaw2P-CWsa36zGwgVrYdqexMF",
        "published_at": "1 month ago",
        "content": "You can watch the boat parade from Pinchers at Tin City, Riverwalk Restaurant, Naples Landing, Kelly's Fish House, the Boathouse on Naples Bay and Bayview Park."
    },
    {
        "title": "5 Best Boat Smartwatch Under 5000 For Daily Use",
        "description": "Boat smartwatches offer a perfect balance of price and performance, thus making them a top choice among budget shoppers. Let's have a look at some of the...",
        "source": "Herzindagi",
        "url": "https://www.herzindagi.com/your-picks/gadget-zone/best-boat-smartwatch-under-5000-for-daily-use-9337&ved=2ahUKEwjIr-WhgKiSAxVURmcHHSaiFuU4FBDF9AF6BAgHEAI&usg=AOvVaw38AgSsrAog6huEQ0sTWEV7",
        "published_at": "2 months ago",
        "content": "Boat smartwatches offer a perfect balance of price and performance, thus making them a top choice among budget shoppers. Let's have a look at some of the..."
    },
    {
        "title": "Watch: Stowaway seal seeks refuge from orcas on US photographer's boat",
        "description": "Watch: Seal jumps aboard US photographer's boat to escape orcas. A seal that was being hunted by a pod of orcas has made a narrow escape, after it sought refuge...",
        "source": "BBC",
        "url": "https://www.bbc.com/news/videos/cdjr0vkjd2do&ved=2ahUKEwjIr-WhgKiSAxVURmcHHSaiFuU4FBDF9AF6BAgKEAI&usg=AOvVaw0msWFtFj-za14KxM2X2WSY",
        "published_at": "2 months ago",
        "content": "Watch: Seal jumps aboard US photographer's boat to escape orcas. A seal that was being hunted by a pod of orcas has made a narrow escape, after it sought refuge..."
    },
    {
        "title": "boAt smartwatches starting ₹1100; Track your fitness and movement efficiently",
        "description": "What is the best smartwatch for professional use? The boAt Lunar Discovery balances elegance and practicality with Bluetooth calling, SOS alerts, and QR Tray...",
        "source": "Mint",
        "url": "https://www.livemint.com/technology/gadgets/boat-smartwatches-starting-rs-1100-track-your-fitness-and-movement-efficiently-11762840474375.html&ved=2ahUKEwjIr-WhgKiSAxVURmcHHSaiFuU4FBDF9AF6BAgGEAI&usg=AOvVaw02wNDSBD-wF76czZqvJ0lO",
        "published_at": "2 months ago",
        "content": "What is the best smartwatch for professional use? The boAt Lunar Discovery balances elegance and practicality with Bluetooth calling, SOS alerts, and QR Tray..."
    },
    {
        "title": "Boat Smartwatch VS Fire Boltt Smartwatch: Which Brand is Best for Fitness Enthusiasts?",
        "description": "Where, if you pick a Boat Smart watch, it can be a perfect option in terms of affordability, advanced features, and fitness tracking; meanwhile, smart watch...",
        "source": "Herzindagi",
        "url": "https://www.herzindagi.com/your-picks/gadget-zone/boat-smartwatch-vs-fire-boltt-smartwatch-which-brand-is-best-for-fitness-enthusiasts-9196&ved=2ahUKEwjIr-WhgKiSAxVURmcHHSaiFuU4FBDF9AF6BAgJEAI&usg=AOvVaw2nz2Bn1I_6qc-z1jZ5ZqZH",
        "published_at": "2 months ago",
        "content": "Where, if you pick a Boat Smart watch, it can be a perfect option in terms of affordability, advanced features, and fitness tracking; meanwhile, smart watch..."
    },
    {
        "title": "Grab The Best Deals On These boAt Smartwatches This Cyber Monday",
        "description": "Grab The Best Deals On These boAt Smartwatches This Cyber Monday · Cyber Monday 2025 is about more than just scoring deals; it's about making choices that boost...",
        "source": "Outlook India",
        "url": "https://www.outlookindia.com/xhub/featured-insights/grab-the-best-deals-on-these-boat-smartwatches-this-cyber-monday&ved=2ahUKEwjIr-WhgKiSAxVURmcHHSaiFuU4FBDF9AF6BAgEEAI&usg=AOvVaw3I06zkk9SfeWNrMicVB6Aj",
        "published_at": "2 months ago",
        "content": "Grab The Best Deals On These boAt Smartwatches This Cyber Monday · Cyber Monday 2025 is about more than just scoring deals; it's about making choices that boost..."
    },
    {
        "title": "BOLO SV LIAHONA Maine to Puerto Rico via Bermuda",
        "description": "Great News from the Captain's ground crew- SV LIAHONA arrived in Fajardo, Puerto Rico today, November 14, 2025, at 07:00 Eastern (NYC) Time.",
        "source": "Boatwatch.org",
        "url": "https://boatwatch.org/resolved/bolo-sv-liahona-maine-to-puerto-rico-via-bermuda/&ved=2ahUKEwjIr-WhgKiSAxVURmcHHSaiFuU4FBDF9AF6BAgCEAI&usg=AOvVaw170MjZhanfkdvjYkQTwOFX",
        "published_at": "2 months ago",
        "content": "Great News from the Captain's ground crew- SV LIAHONA arrived in Fajardo, Puerto Rico today, November 14, 2025, at 07:00 Eastern (NYC) Time."
    },
    {
        "title": "Up to 75% off smartwatches on Amazon as budget Noise, boAt and premium Samsung, Amazfit models see major price drops",
        "description": "Amazon is offering up to 75% off smartwatches, spanning budget picks from Noise, boAt, and Fire-Boltt to premium models from Samsung and Amazfit. Upgrade with...",
        "source": "Mint",
        "url": "https://www.livemint.com/technology/gadgets/up-to-75-off-smartwatches-on-amazon-as-budget-noise-boat-and-premium-samsung-amazfit-models-see-major-price-drops-11762500903467.html&ved=2ahUKEwjIr-WhgKiSAxVURmcHHSaiFuU4FBDF9AF6BAgDEAI&usg=AOvVaw1FSyefhhf2dJTogMkz6tkN",
        "published_at": "2 months ago",
        "content": "Amazon is offering up to 75% off smartwatches, spanning budget picks from Noise, boAt, and Fire-Boltt to premium models from Samsung and Amazfit. Upgrade with..."
    },
    {
        "title": "Best Sailing Watch: Fully Tested Waterproof Watches for all Watersports Enthusiasts",
        "description": "We have tested this shortlist of the best sailing watches on the market to suit all budgets and sailing needs, from a basics to smart watches.",
        "source": "Yachting World",
        "url": "https://www.yachtingworld.com/yachts-and-gear/best-sailing-watch-waterproof-watches-tested-137121&ved=2ahUKEwjIr-WhgKiSAxVURmcHHSaiFuU4FBDF9AF6BAgIEAI&usg=AOvVaw2u68UqTqJYwxV3H049P19K",
        "published_at": "3 months ago",
        "content": "We have tested this shortlist of the best sailing watches on the market to suit all budgets and sailing needs, from a basics to smart watches."
    },
    {
        "title": "WATCH: Trump says Venezuelan boat strikes are ‘saving tremendous amounts of lives’",
        "description": "WATCH: Trump says Venezuelan boat strikes are 'saving tremendous amounts of lives' · Comments. Comments are turned off. Learn more · 14:17 · Go to channel...",
        "source": "YouTube",
        "url": "https://www.youtube.com/watch%3Fv%3DSuvviVllGjM&ved=2ahUKEwjIr-WhgKiSAxVURmcHHSaiFuU4FBDF9AF6BAgFEAI&usg=AOvVaw15P0ypv_kueplR67JA-1bQ",
        "published_at": "3 months ago",
        "content": "WATCH: Trump says Venezuelan boat strikes are 'saving tremendous amounts of lives' · Comments. Comments are turned off. Learn more · 14:17 · Go to channel..."
    },
    {
        "title": "Amazon Sale 2025: Best Deals on Kids Smartwatches with GPS From Noise, Boat, Fastrack, and More Brands",
        "description": "NoiseFit Javelin · Amazon Sale 2025: Best Deals on Kids Smartwatches with GPS From Noise, Boat, Fastrack, and More Brands.",
        "source": "Gadgets 360",
        "url": "https://www.gadgets360.com/wearables/features/amazon-great-indian-festival-sale-2025-deals-on-kids-smartwatches-with-gps-offers-discounts-noise-boat-fastrack-9391853&ved=2ahUKEwiE35WjgKiSAxXKRWcHHcUCCD84HhDF9AF6BAgBEAI&usg=AOvVaw3tPHxyD9M5aLzrDIOdk3WE",
        "published_at": "3 months ago",
        "content": "NoiseFit Javelin · Amazon Sale 2025: Best Deals on Kids Smartwatches with GPS From Noise, Boat, Fastrack, and More Brands."
    },
    {
        "title": "5 expert tips: How to be a yacht’s watch leader",
        "description": "A good watch captain empowers his team to make their own decisions, to run their own part of the boat as best they can. You have to be able to ask questions of...",
        "source": "Yachting World",
        "url": "https://www.yachtingworld.com/expert-sailing-techniques/5-expert-tips-how-to-be-a-yachts-watch-leader-160160&ved=2ahUKEwiE35WjgKiSAxXKRWcHHcUCCD84HhDF9AF6BAgCEAI&usg=AOvVaw2FOfAcZxiwZK1lVqhmXEgi",
        "published_at": "3 months ago",
        "content": "A good watch captain empowers his team to make their own decisions, to run their own part of the boat as best they can. You have to be able to ask questions of..."
    },
    {
        "title": "Watch how orcas sank yet another boat off the coast of Portugal",
        "description": "Bernardo Quieroz, a manager at the Mercedes-Benz Oceanic Lounge, which led the tour, suspected it might be orcas. While filming the boat, he noticed three of...",
        "source": "National Geographic",
        "url": "https://www.nationalgeographic.com/animals/article/watch-orcas-killer-whales-sink-boat&ved=2ahUKEwiE35WjgKiSAxXKRWcHHcUCCD84HhDF9AF6BAgKEAI&usg=AOvVaw3JxdYileQNpvs2JV76FE5Z",
        "published_at": "4 months ago",
        "content": "Bernardo Quieroz, a manager at the Mercedes-Benz Oceanic Lounge, which led the tour, suspected it might be orcas. While filming the boat, he noticed three of..."
    },
    {
        "title": "Flipkart’s Big Billion Days Sale: Discover the Top 5 Smartwatch Deals from Samsung to Boat",
        "description": "Flipkart's Big Billion Days Sale is live: Explore the top 5 smartwatch deals from Samsung to Boat and upgrade your wristwear with unbeatable discounts.",
        "source": "RS Web Solutions",
        "url": "https://www.rswebsols.com/news/flipkarts-big-billion-days-sale-discover-the-top-5-smartwatch-deals-from-samsung-to-boat/&ved=2ahUKEwiE35WjgKiSAxXKRWcHHcUCCD84HhDF9AF6BAgDEAI&usg=AOvVaw0DhxH2oVuXsBtvuKkiouok",
        "published_at": "4 months ago",
        "content": "Flipkart's Big Billion Days Sale is live: Explore the top 5 smartwatch deals from Samsung to Boat and upgrade your wristwear with unbeatable discounts."
    },
    {
        "title": "Boat Chrome Endeavour Launched With Heart Rate Monitoring: Check Price, & Specifications",
        "description": "Boats new Chrome Endeavour features an AI Coach that offers personalised workout routines and daily summaries to help you stay on track with your health...",
        "source": "ABP Live English",
        "url": "https://news.abplive.com/technology/boat-chrome-endeavour-ai-health-smartwatch-price-in-india-specifications-features-display-availability-1800993&ved=2ahUKEwiE35WjgKiSAxXKRWcHHcUCCD84HhDF9AF6BAgHEAI&usg=AOvVaw3QnMME0yn0iWGA8-_sQXQ8",
        "published_at": "4 months ago",
        "content": "Boats new Chrome Endeavour features an AI Coach that offers personalised workout routines and daily summaries to help you stay on track with your health..."
    },
    {
        "title": "boAt launches Chrome Endeavour smartwatch with AI Coach, 1.96\" AMOLED display & health tracking",
        "description": "boAt is offering the Chrome Endeavour in multiple color options. The Active Black and Cherry Blossom variants are priced at Rs. 3,299 ($38), while Steel Black,...",
        "source": "Gizmochina",
        "url": "https://www.gizmochina.com/2025/09/17/boat-chrome-endeavour-smartwatch-launched-specs-price/&ved=2ahUKEwiE35WjgKiSAxXKRWcHHcUCCD84HhDF9AF6BAgFEAI&usg=AOvVaw0dUq7BdqK8g4kdqCFOJ7mr",
        "published_at": "4 months ago",
        "content": "boAt is offering the Chrome Endeavour in multiple color options. The Active Black and Cherry Blossom variants are priced at Rs. 3,299 ($38), while Steel Black,..."
    },
    {
        "title": "boAt launches Chrome Endeavour, India’s first AI health coach smartwatch",
        "description": "The boAt Chrome Endeavour is available in six strap colors, priced at INR 3,299 for Active Black and Cherry Blossom, and INR 3,799 for Steel Black, Magnetic...",
        "source": "www.varindia.com",
        "url": "https://www.varindia.com/news/boAt-launches-Chrome-Endeavour,-India%25E2%2580%2599s-first-AI-health-coach-smartwatch&ved=2ahUKEwiE35WjgKiSAxXKRWcHHcUCCD84HhDF9AF6BAgGEAI&usg=AOvVaw2YI5N3yjU18HMilEFabWdT",
        "published_at": "4 months ago",
        "content": "The boAt Chrome Endeavour is available in six strap colors, priced at INR 3,299 for Active Black and Cherry Blossom, and INR 3,799 for Steel Black, Magnetic..."
    },
    {
        "title": "Military Vaporizes Drug Boat, Brutal Footage Released: WATCH",
        "description": "Military blows up drug boat. The White House released video footage Monday afternoon of another drug boat getting hit by a missile, and it's epic. Do yourself a...",
        "source": "OutKick",
        "url": "https://www.outkick.com/culture/donald-trump-drug-boat-missile-video&ved=2ahUKEwiE35WjgKiSAxXKRWcHHcUCCD84HhDF9AF6BAgIEAI&usg=AOvVaw2w67usF7owOv5UFvdXN3Gi",
        "published_at": "4 months ago",
        "content": "Military blows up drug boat. The White House released video footage Monday afternoon of another drug boat getting hit by a missile, and it's epic. Do yourself a..."
    },
    {
        "title": "WATCH: Trump says boat near Venezuela targeted by U.S. 'had massive amounts of drugs'",
        "description": "WATCH: Trump says boat near Venezuela targeted by U.S. 'had massive amounts of drugs' ... President Donald Trump on Wednesday justified a lethal U.S. strike on a...",
        "source": "PBS",
        "url": "https://www.pbs.org/newshour/world/watch-trump-says-boat-near-venezuela-targeted-by-u-s-had-massive-amounts-of-drugs&ved=2ahUKEwiE35WjgKiSAxXKRWcHHcUCCD84HhDF9AF6BAgEEAI&usg=AOvVaw0MiNLoZBYFH5-0j7sLpOjc",
        "published_at": "4 months ago",
        "content": "WATCH: Trump says boat near Venezuela targeted by U.S. 'had massive amounts of drugs' ... President Donald Trump on Wednesday justified a lethal U.S. strike on a..."
    },
    {
        "title": "Watch: Video of U.S. strike on alleged drug boat from Venezuela",
        "description": "President Donald Trump announced that the United States conducted a strike in the Caribbean targeting a drug-carrying vessel that had departed from...",
        "source": "YouTube",
        "url": "https://www.youtube.com/watch%3Fv%3DuxgjSqPeTM8&ved=2ahUKEwiE35WjgKiSAxXKRWcHHcUCCD84HhDF9AF6BAgJEAI&usg=AOvVaw0utWZyUiUAFaAb-veBL05F",
        "published_at": "4 months ago",
        "content": "President Donald Trump announced that the United States conducted a strike in the Caribbean targeting a drug-carrying vessel that had departed from..."
    },
    {
        "title": "WATCH: Rep. Himes calls video of Sept. 2 boat strike 'one of the most troubling things' he's ever seen",
        "description": "Rep. Jim Himes of Connecticut, the top Democrat on the House Intelligence Committee, commented after seeing a video of two boat strike survivors in what he...",
        "source": "PBS",
        "url": "https://www.pbs.org/newshour/politics/watch-rep-himes-calls-video-of-sept-2-boat-strike-one-of-the-most-troubling-things-hes-ever-seen&ved=2ahUKEwiz4MekgKiSAxV5SWwGHcwdFFE4KBDF9AF6BAgGEAI&usg=AOvVaw18q_FINciomZHhFbdZqbzz",
        "published_at": "4 months ago",
        "content": "Rep. Jim Himes of Connecticut, the top Democrat on the House Intelligence Committee, commented after seeing a video of two boat strike survivors in what he..."
    },
    {
        "title": "boAt Valour Watch 1 GPS nudges you to stay active on every adventure",
        "description": "The Valour Watch 1 GPS is built for outdoor activities and its auto activity detection is a big plus; whether you're hiking, walking, running, or cycling, it...",
        "source": "The Financial Express",
        "url": "https://www.financialexpress.com/life/technology-boat-valour-watch-1-gps-nudges-you-to-stay-active-on-every-adventure-3963478/&ved=2ahUKEwiz4MekgKiSAxV5SWwGHcwdFFE4KBDF9AF6BAgIEAI&usg=AOvVaw2wJbESsZPb6-saahs-8q8q",
        "published_at": "4 months ago",
        "content": "The Valour Watch 1 GPS is built for outdoor activities and its auto activity detection is a big plus; whether you're hiking, walking, running, or cycling, it..."
    },
    {
        "title": "boAt Valour Watch 1 GPS review: A fitness companion under ₹7000 that punches above its price | Technology News",
        "description": "The boAt Valour Watch 1 GPS strikes an impressive balance between price and features. It's not just another budget smartwatch; it feels thoughtfully built for...",
        "source": "Hindustan Times",
        "url": "https://www.hindustantimes.com/technology/boat-valour-watch-1-gps-review-a-fitness-companion-under-rs-7000-that-punches-above-its-price-101755798427387.html&ved=2ahUKEwiz4MekgKiSAxV5SWwGHcwdFFE4KBDF9AF6BAgKEAI&usg=AOvVaw1khGJ2jHGhkJq0eUzhPtiJ",
        "published_at": "5 months ago",
        "content": "The boAt Valour Watch 1 GPS strikes an impressive balance between price and features. It's not just another budget smartwatch; it feels thoughtfully built for..."
    },
    {
        "title": "BOLO for SV ALCHEMY San Diego to Hawaii",
        "description": "RCC Alameda urgently requests all boaters to be on the lookout for SV ALCHEMY and to report any further information concerning the captain or the vessel.",
        "source": "BoatWatch.",
        "url": "https://boatwatch.org/unresolved/bolo-for-sv-alchemy-san-diego-to-hawaii/&ved=2ahUKEwiz4MekgKiSAxV5SWwGHcwdFFE4KBDF9AF6BAgJEAI&usg=AOvVaw2l1UYNM-QY5YN5fGb2ZW4y",
        "published_at": "5 months ago",
        "content": "RCC Alameda urgently requests all boaters to be on the lookout for SV ALCHEMY and to report any further information concerning the captain or the vessel."
    },
    {
        "title": "Watch: Chinese ships collide while pursuing Philippine boat",
        "description": "Watch: Chinese ships collide while pursuing Philippine boat. The Philippines Coast Guard reported that two Chinese vessels collided while pursuing a Philippine...",
        "source": "BBC",
        "url": "https://www.bbc.com/news/videos/c1jnne45dj3o&ved=2ahUKEwiz4MekgKiSAxV5SWwGHcwdFFE4KBDF9AF6BAgBEAI&usg=AOvVaw2xLUdc-6nAY6ZpNWYcwk_y",
        "published_at": "5 months ago",
        "content": "Watch: Chinese ships collide while pursuing Philippine boat. The Philippines Coast Guard reported that two Chinese vessels collided while pursuing a Philippine..."
    },
    {
        "title": "Why the boAt Valour Watch 1 GPS is built for everyday athletes",
        "description": "The Valour Watch 1 GPS is not here to babysit your phone. Thanks to industry-leading GPS accuracy, you can leave your phone behind and still map your run, cycle...",
        "source": "Onmanorama",
        "url": "https://www.onmanorama.com/news/business/2025/08/08/boat-valour-watch-1-gps-athlete.html&ved=2ahUKEwiz4MekgKiSAxV5SWwGHcwdFFE4KBDF9AF6BAgFEAI&usg=AOvVaw0qqSxHC_vACKYt_PrH4AHW",
        "published_at": "5 months ago",
        "content": "The Valour Watch 1 GPS is not here to babysit your phone. Thanks to industry-leading GPS accuracy, you can leave your phone behind and still map your run, cycle..."
    },
    {
        "title": "How to Set Time in a boAt Smartwatch?",
        "description": "Steps to Change the Time in a boAt Smartwatch · Download the boAt Wearable App on Your Phone · Connect to the boAt Wearables app: · Check for Automatic Sync:.",
        "source": "Herzindagi",
        "url": "https://www.herzindagi.com/your-picks/gadget-zone/how-to-set-time-in-a-boat-smartwatch-6416&ved=2ahUKEwiz4MekgKiSAxV5SWwGHcwdFFE4KBDF9AF6BAgDEAI&usg=AOvVaw20pKW_si3QPNflDfxZo3xm",
        "published_at": "5 months ago",
        "content": "Steps to Change the Time in a boAt Smartwatch · Download the boAt Wearable App on Your Phone · Connect to the boAt Wearables app: · Check for Automatic Sync:."
    },
    {
        "title": "U-Boat’s extreme dive watch costs 85% less than Rolex equivalent",
        "description": "At $4,200, the U-Boat Profondo 10,000 MT proves that microbrand innovation can challenge established players in specialized segments, offering genuine extreme...",
        "source": "The Manual",
        "url": "https://www.themanual.com/fashion/uboat-profondo-10000-mt-titanium-dive-watch-extreme-water-resistance-rolex-competitor-4200/&ved=2ahUKEwiz4MekgKiSAxV5SWwGHcwdFFE4KBDF9AF6BAgEEAI&usg=AOvVaw1sldBYjVeacU7SV27Bc-3I",
        "published_at": "5 months ago",
        "content": "At $4,200, the U-Boat Profondo 10,000 MT proves that microbrand innovation can challenge established players in specialized segments, offering genuine extreme..."
    },
    {
        "title": "Rolex’s Most Extreme Dive Watch Just Got Some Unexpected Company",
        "description": "Italian microbrand U-Boat created a titanium dive watch with a 10000m water resistance, and you can actually buy it.",
        "source": "Gear Patrol",
        "url": "https://www.gearpatrol.com/watches/u-boat-profondo-10000-mt/&ved=2ahUKEwiz4MekgKiSAxV5SWwGHcwdFFE4KBDF9AF6BAgHEAI&usg=AOvVaw2yTegfpPLni66n-X8f-KJ9",
        "published_at": "5 months ago",
        "content": "Italian microbrand U-Boat created a titanium dive watch with a 10000m water resistance, and you can actually buy it."
    },
    {
        "title": "Is Noise A Good Brand For Smartwatch Or boAt? Performance And Features Compared",
        "description": "Noise and boAt are two popular smartwatch brands that offer wearables for men and women at affordable prices. With features like heart rate tracking, step...",
        "source": "The Daily Jagran",
        "url": "https://www.thedailyjagran.com/smart-guide/gadget-zone/is-noise-a-good-brand-for-smartwatch-or-boat-performance-and-features-compared-5223&ved=2ahUKEwiz4MekgKiSAxV5SWwGHcwdFFE4KBDF9AF6BAgCEAI&usg=AOvVaw3RIV2wbXyplpxv3jtWdQNw",
        "published_at": "6 months ago",
        "content": "Noise and boAt are two popular smartwatch brands that offer wearables for men and women at affordable prices. With features like heart rate tracking, step..."
    },
    {
        "title": "Boat Valour Watch 1 GPS Launched in India With Up to 15 Days of Battery Life: Price, Features",
        "description": "The smartwatch is the first product from Boat's new Valour lineup. True to its name, it comes with an inbuilt GPS tracking system. The smart wearable sports a...",
        "source": "Gadgets 360",
        "url": "https://www.gadgets360.com/wearables/news/boat-valour-watch-1-gps-price-india-launch-availability-specifications-features-8860693&ved=2ahUKEwj8qv2lgKiSAxUvSWwGHTKHOaM4MhDF9AF6BAgEEAI&usg=AOvVaw1bruwwcJN2NjUJqPt3OjfE",
        "published_at": "6 months ago",
        "content": "The smartwatch is the first product from Boat's new Valour lineup. True to its name, it comes with an inbuilt GPS tracking system. The smart wearable sports a..."
    },
    {
        "title": "Watch: Smoke billows from luxury yacht fire in St Tropez",
        "description": "Watch: Smoke billows from luxury yacht fire in St Tropez. Social media videos show black smoke billowing from a luxury yacht on fire in St Tropez in the French...",
        "source": "BBC",
        "url": "https://www.bbc.com/news/videos/c4g85005q93o&ved=2ahUKEwj8qv2lgKiSAxUvSWwGHTKHOaM4MhDF9AF6BAgHEAI&usg=AOvVaw3YRqHpRVzcZGJu7bgak1K8",
        "published_at": "6 months ago",
        "content": "Watch: Smoke billows from luxury yacht fire in St Tropez. Social media videos show black smoke billowing from a luxury yacht on fire in St Tropez in the French..."
    },
    {
        "title": "boAt Valour Watch 1 GPS smartwatch teased ahead of launch",
        "description": "Launch date. The Valour Series is scheduled to launch on July 11, 2025. Additionally, buyers of any Valour product will receive a free Valour Health & Wellness...",
        "source": "FoneArena.com",
        "url": "https://www.fonearena.com/blog/458102/boat-valour-watch-1-gps-launch-date.html&ved=2ahUKEwj8qv2lgKiSAxUvSWwGHTKHOaM4MhDF9AF6BAgKEAI&usg=AOvVaw2v7lBieStzm4ReqkKHTWE1",
        "published_at": "6 months ago",
        "content": "Launch date. The Valour Series is scheduled to launch on July 11, 2025. Additionally, buyers of any Valour product will receive a free Valour Health & Wellness..."
    },
    {
        "title": "boAt Watch Primia Review: BT calling watch now more affordable",
        "description": "The Boat Primia BT smartwatch offers everything that you expect from a budget smartwatch. With the clean and easy to use interface, it certainly can be a great...",
        "source": "HT Tech",
        "url": "https://tech.hindustantimes.com/wearables/reviews/boat-watch-primia-review-bt-calling-watch-now-more-affordable-71656740642474.html&ved=2ahUKEwj8qv2lgKiSAxUvSWwGHTKHOaM4MhDF9AF6BAgJEAI&usg=AOvVaw3DEWUYfwTxVLc8yEqUyqiM",
        "published_at": "6 months ago",
        "content": "The Boat Primia BT smartwatch offers everything that you expect from a budget smartwatch. With the clean and easy to use interface, it certainly can be a great..."
    },
    {
        "title": "Is boAt a Good Brand for Smartwatches?",
        "description": "boAt smartwatches are the best budget smartwatch in India is because of their low prices, modern functionality including heart-rate monitoring, SpO2 tracking,...",
        "source": "Herzindagi",
        "url": "https://www.herzindagi.com/your-picks/gadget-zone/is-boat-a-good-brand-for-smartwatches-5434&ved=2ahUKEwj8qv2lgKiSAxUvSWwGHTKHOaM4MhDF9AF6BAgBEAI&usg=AOvVaw014bM1eUkFIbNnq8GnYuwe",
        "published_at": "6 months ago",
        "content": "boAt smartwatches are the best budget smartwatch in India is because of their low prices, modern functionality including heart-rate monitoring, SpO2 tracking,..."
    },
    {
        "title": "Axis Bank and boAt boost smartwatches with Mastercard",
        "description": "Discover how Axis Bank, boAt and Mastercard are revolutionising contactless payments with a new NFC smartwatch. Read more now.",
        "source": "FinTech Global",
        "url": "https://fintech.global/2025/06/20/axis-bank-and-boat-boost-smartwatches-with-mastercard/&ved=2ahUKEwj8qv2lgKiSAxUvSWwGHTKHOaM4MhDF9AF6BAgCEAI&usg=AOvVaw087lUZ8AHyn1oru_lSC1DN",
        "published_at": "7 months ago",
        "content": "Discover how Axis Bank, boAt and Mastercard are revolutionising contactless payments with a new NFC smartwatch. Read more now."
    },
    {
        "title": "Axis Bank Collaborates With boAt and Mastercard for Seamless Payments on Its Newly Launched Smartwatch",
        "description": "Axis Bank has launched an NFC-enabled smartwatch in collaboration with BoAt and Mastercard, transforming how consumers make contactless transactions on the go.",
        "source": "FF News | Fintech Finance",
        "url": "https://ffnews.com/newsarticle/paytech/axis-bank-collaborates-with-boat-and-mastercard-for-seamless-payments-on-its-newly-launched-smartwatch/&ved=2ahUKEwj8qv2lgKiSAxUvSWwGHTKHOaM4MhDF9AF6BAgIEAI&usg=AOvVaw3-59HCJn9HhnCB6dn9dgD0",
        "published_at": "7 months ago",
        "content": "Axis Bank has launched an NFC-enabled smartwatch in collaboration with BoAt and Mastercard, transforming how consumers make contactless transactions on the go."
    },
    {
        "title": "Axis Bank, boAt & Mastercard Unveil Smartwatch with Tap-to-Pay Feature!",
        "description": "Axis Bank cardholders can now securely tokenize and store their debit and credit cards on the Wave Fortune Smartwatch via Crest Pay, boAt's official payment app...",
        "source": "Pragativadi",
        "url": "https://pragativadi.com/axis-bank-boat-mastercard-unveil-smartwatch-with-tap-to-pay-feature/&ved=2ahUKEwj8qv2lgKiSAxUvSWwGHTKHOaM4MhDF9AF6BAgDEAI&usg=AOvVaw21PlhiwD9_M5MOOhGlnHsk",
        "published_at": "7 months ago",
        "content": "Axis Bank cardholders can now securely tokenize and store their debit and credit cards on the Wave Fortune Smartwatch via Crest Pay, boAt's official payment app..."
    },
    {
        "title": "boAt Wave Fortune Arrives With Tap & Pay and Bluetooth Calling Features",
        "description": "boAt launched the Wave Fortune smartwatch in India on Wednesday, featuring contactless payments of up to Rs. 5,000 via NFC. The device supports Bluetooth...",
        "source": "Mashable India",
        "url": "https://in.mashable.com/tech/95900/boat-wave-fortune-arrives-with-tap-pay-and-bluetooth-calling-features&ved=2ahUKEwj8qv2lgKiSAxUvSWwGHTKHOaM4MhDF9AF6BAgFEAI&usg=AOvVaw10GhBGas1STCBcEsDe4hs9",
        "published_at": "7 months ago",
        "content": "boAt launched the Wave Fortune smartwatch in India on Wednesday, featuring contactless payments of up to Rs. 5,000 via NFC. The device supports Bluetooth..."
    },
    {
        "title": "Axis Bank, boAt, Mastercard Launch NFC Smartwatch Payments",
        "description": "Axis Bank, one of the largest private sector Banks in India, today announced that it has collaborated with boAt, India's No.1 wearable brand, and Mastercard, a...",
        "source": "SMEStreet",
        "url": "https://smestreet.in/technology/axis-bank-boat-mastercard-launch-nfc-smartwatch-payments-9374429&ved=2ahUKEwj8qv2lgKiSAxUvSWwGHTKHOaM4MhDF9AF6BAgGEAI&usg=AOvVaw1vAf-a1JcgWmKm6Cjcf3bG",
        "published_at": "7 months ago",
        "content": "Axis Bank, one of the largest private sector Banks in India, today announced that it has collaborated with boAt, India's No.1 wearable brand, and Mastercard, a..."
    },
    {
        "title": "boAt Wave Fortune with 1.96″ display, Bluetooth calling, NFC Tap & Pay support launched",
        "description": "boAt has launched the Wave Fortune smartwatch in India, expanding its wearables line up with a model that includes contactless payments through a...",
        "source": "FoneArena.com",
        "url": "https://www.fonearena.com/blog/456619/boat-wave-fortune-price-features.html&ved=2ahUKEwiZ8LangKiSAxUHXmwGHZbnOVI4PBDF9AF6BAgKEAI&usg=AOvVaw2tzcU8ymXxxCRf0mchOZEi",
        "published_at": "7 months ago",
        "content": "boAt has launched the Wave Fortune smartwatch in India, expanding its wearables line up with a model that includes contactless payments through a..."
    },
    {
        "title": "boAt partners with Axis Bank, Mastercard to bring NFC payments feature on Wave Fortune smartwatch | Technology News",
        "description": "boAT Wave Fortune smartwatch features a 1.96-inch HD display with a 240x282 resolution and peak brightness of 550 nits. ... Axis Bank, boAt, and Mastercard have...",
        "source": "Hindustan Times",
        "url": "https://www.hindustantimes.com/technology/boat-partners-with-axis-bank-mastercard-to-bring-nfc-payments-feature-on-wave-fortune-smartwatch-101750235241183.html&ved=2ahUKEwiZ8LangKiSAxUHXmwGHZbnOVI4PBDF9AF6BAgGEAI&usg=AOvVaw2Y9Jht6gq2eyVoclgQhbhM",
        "published_at": "7 months ago",
        "content": "boAT Wave Fortune smartwatch features a 1.96-inch HD display with a 240x282 resolution and peak brightness of 550 nits. ... Axis Bank, boAt, and Mastercard have..."
    },
    {
        "title": "Axis Bank, boAt & Mastercard Launch Smartwatch That Lets You Pay with a Tap—No Wallet Needed",
        "description": "Axis Bank cardholders can now securely tokenize and store their debit and credit cards on the WAVE Fortune Smartwatch via Crest Pay, boAt's official payments...",
        "source": "Indianweb2.com",
        "url": "https://www.indianweb2.com/2025/06/axis-bank-boat-mastercard-launch.html&ved=2ahUKEwiZ8LangKiSAxUHXmwGHZbnOVI4PBDF9AF6BAgHEAI&usg=AOvVaw29ZDbUnMkyhY8ylVxarWDK",
        "published_at": "7 months ago",
        "content": "Axis Bank cardholders can now securely tokenize and store their debit and credit cards on the WAVE Fortune Smartwatch via Crest Pay, boAt's official payments..."
    },
    {
        "title": "Boat Wave Fortune Smartwatch With NFC Tap & Pay Feature, Bluetooth Calling Launched in India",
        "description": "Boat Wave Fortune Smartwatch With NFC Tap & Pay Feature, Bluetooth Calling Launched in India. Boat has partnered with Axis Bank to provide contactless payment...",
        "source": "Gadgets 360",
        "url": "https://www.gadgets360.com/wearables/news/boat-wave-fortune-price-india-launch-availability-specifications-features-8699580&ved=2ahUKEwiZ8LangKiSAxUHXmwGHZbnOVI4PBDF9AF6BAgIEAI&usg=AOvVaw3bRTvVIHtrKesITXsOYG9Q",
        "published_at": "7 months ago",
        "content": "Boat Wave Fortune Smartwatch With NFC Tap & Pay Feature, Bluetooth Calling Launched in India. Boat has partnered with Axis Bank to provide contactless payment..."
    },
    {
        "title": "boAt launches Wave Fortune smartwatch with NFC tap & pay, fitness rewards, and Axis Bank partnership",
        "description": "boAt has launched its new smartwatch, Wave Fortune, featuring contactless payment functionality, health tracking, and calling capabilities. Priced at ₹3,299,...",
        "source": "www.varindia.com",
        "url": "https://www.varindia.com/news/boat-launches-wave-fortune-smartwatch-with-nfc-tap-pay-fitness-rewards-and-axis-bank-partnership&ved=2ahUKEwiZ8LangKiSAxUHXmwGHZbnOVI4PBDF9AF6BAgFEAI&usg=AOvVaw25YfZkajSlG93WGq_ZXmhs",
        "published_at": "7 months ago",
        "content": "boAt has launched its new smartwatch, Wave Fortune, featuring contactless payment functionality, health tracking, and calling capabilities. Priced at ₹3,299,..."
    },
    {
        "title": "boAt’s new Wave Fortune smartwatch lets you tap to pay with just a flick of your wrist",
        "description": "boAt has launched its latest smartwatch, the Wave Fortune, in partnership with Axis Bank and Mastercard, bringing contactless NFC-enabled payments to wearables.",
        "source": "Fortune India",
        "url": "https://www.fortuneindia.com/technology/boats-new-wave-fortune-smartwatch-lets-you-tap-to-pay-with-just-a-flick-of-your-wrist/124160&ved=2ahUKEwiZ8LangKiSAxUHXmwGHZbnOVI4PBDF9AF6BAgCEAI&usg=AOvVaw0qqQ7gsWOO-OiVj5a3_y82",
        "published_at": "7 months ago",
        "content": "boAt has launched its latest smartwatch, the Wave Fortune, in partnership with Axis Bank and Mastercard, bringing contactless NFC-enabled payments to wearables."
    },
    {
        "title": "boAt brings dad's logic to one's wrist with 'Baap of All Times'",
        "description": "A fictional boAt smartwatch, designed with quirky, relatable features that reflect every dad's unique personality and habits.",
        "source": "manifest-media.in",
        "url": "https://www.manifest-media.in/advertising/160625/boat-brings-dads-logic-to-ones-wrist-with-baap-of-all-times.html&ved=2ahUKEwiZ8LangKiSAxUHXmwGHZbnOVI4PBDF9AF6BAgBEAI&usg=AOvVaw00crxqesa_p4oyq9bUdUyI",
        "published_at": "7 months ago",
        "content": "A fictional boAt smartwatch, designed with quirky, relatable features that reflect every dad's unique personality and habits."
    },
    {
        "title": "Which Smartwatch Is Best boAt Or Noise? (June 2025)",
        "description": "Which Smartwatch Is Best boAt or Noise? (June 2025).",
        "source": "The Daily Jagran",
        "url": "https://www.thedailyjagran.com/smart-guide/gadget-zone/which-smartwatch-is-best-boat-or-noise-4069&ved=2ahUKEwjXve2ogKiSAxWhSGwGHVZLGGs4RhDF9AF6BAgCEAI&usg=AOvVaw0_WXGp42NigiiWby4FITnj",
        "published_at": "7 months ago",
        "content": "Which Smartwatch Is Best boAt or Noise? (June 2025)."
    },
    {
        "title": "TSX Penny Stocks: Boat Rocker Media And 2 Others To Watch",
        "description": "Boat Rocker Media Inc. is an entertainment company that creates, produces, and distributes television and film content across Canada, the United States, and...",
        "source": "Yahoo Finance",
        "url": "https://finance.yahoo.com/news/tsx-penny-stocks-boat-rocker-190846627.html&ved=2ahUKEwjXve2ogKiSAxWhSGwGHVZLGGs4RhDF9AF6BAgGEAI&usg=AOvVaw0xPDnToMYlbxWZJJyQbBlj",
        "published_at": "8 months ago",
        "content": "Boat Rocker Media Inc. is an entertainment company that creates, produces, and distributes television and film content across Canada, the United States, and..."
    },
    {
        "title": "Large Dinghy “ZIGGY” Found South of St. Croix, USVI",
        "description": "The USCG Sector San Juan received a report of an unmanned, adrift 15' white dinghy named ZIGGY. The dinghy bore the following markings: “High Field Sport 520”...",
        "source": "Boatwatch.org",
        "url": "https://boatwatch.org/flotsam-jetsam/large-dinghy-ziggy-found-south-of-st-croix-usvi/&ved=2ahUKEwjXve2ogKiSAxWhSGwGHVZLGGs4RhDF9AF6BAgKEAI&usg=AOvVaw3U3WdFPJ_yacnlDgo90GL9",
        "published_at": "8 months ago",
        "content": "The USCG Sector San Juan received a report of an unmanned, adrift 15' white dinghy named ZIGGY. The dinghy bore the following markings: “High Field Sport 520”..."
    },
    {
        "title": "boAt launches Storm Infinity Plus smartwatch with 30-day battery life and Bluetooth calling",
        "description": "The watch comes with a large display, supports Bluetooth calling, and is designed to handle everyday tasks without needing frequent charging. ... boAt has...",
        "source": "Moneycontrol",
        "url": "https://www.moneycontrol.com/technology/boat-launches-storm-infinity-plus-smartwatch-with-30-day-battery-life-and-bluetooth-calling-article-13019753.html&ved=2ahUKEwjXve2ogKiSAxWhSGwGHVZLGGs4RhDF9AF6BAgIEAI&usg=AOvVaw2MSZQugJ0NR1WrYW4kPG6R",
        "published_at": "8 months ago",
        "content": "The watch comes with a large display, supports Bluetooth calling, and is designed to handle everyday tasks without needing frequent charging. ... boAt has..."
    },
    {
        "title": "Boat Storm Infinity Plus Smartwatch With Up to 20 Days Battery Launched in India: Price, Specifications",
        "description": "It comes with a 1.96-inch rectangular display and a functional crown. The smartwatch is claimed to offer up to 20 days of battery life with heavy usage.",
        "source": "Gadgets 360",
        "url": "https://www.gadgets360.com/wearables/news/boat-storm-infinity-plus-price-india-launch-availability-features-specifications-8371252&ved=2ahUKEwjXve2ogKiSAxWhSGwGHVZLGGs4RhDF9AF6BAgHEAI&usg=AOvVaw3QBUeVCcwDpNgqYtD4vzbH",
        "published_at": "8 months ago",
        "content": "It comes with a 1.96-inch rectangular display and a functional crown. The smartwatch is claimed to offer up to 20 days of battery life with heavy usage."
    },
    {
        "title": "boAt Storm Infinity Plus with 1.96″ display, up to 30 days battery life launched",
        "description": "boAt expanded its smartwatch offerings by introducing the Storm Infinity Plus in India, designed to cater to both daily use and active lifestyles.",
        "source": "FoneArena.com",
        "url": "https://www.fonearena.com/blog/453282/boat-storm-infinity-plus-price-features.html&ved=2ahUKEwjXve2ogKiSAxWhSGwGHVZLGGs4RhDF9AF6BAgFEAI&usg=AOvVaw3TxVL5ORj91W_4vol_MHaR",
        "published_at": "8 months ago",
        "content": "boAt expanded its smartwatch offerings by introducing the Storm Infinity Plus in India, designed to cater to both daily use and active lifestyles."
    },
    {
        "title": "Boat Chrome Horizon smartwatch with AMOLED display, up to 7 days battery life launched: Price, specs and",
        "description": "The smartwatch offers Bluetooth calling and multiple sports modes. It is designed for active individuals. The Chrome Horizon comes in various colors and strap...",
        "source": "Times of India",
        "url": "https://timesofindia.indiatimes.com/technology/wearables/boat-chrome-horizon-smartwatch-with-amoled-display-up-to-7-days-battery-life-launched-price-specs-and-more/articleshow/120705894.cms&ved=2ahUKEwjXve2ogKiSAxWhSGwGHVZLGGs4RhDF9AF6BAgJEAI&usg=AOvVaw30Mgf5RrGo8xhQKsn69a-T",
        "published_at": "8 months ago",
        "content": "The smartwatch offers Bluetooth calling and multiple sports modes. It is designed for active individuals. The Chrome Horizon comes in various colors and strap..."
    },
    {
        "title": "boAt Chrome Horizon with 1.51″ AMOLED display, video watch faces, up to 7 days battery life launched",
        "description": "The smartwatch features a 1.51-inch AMOLED display with a resolution of 466×466 pixels and 600 nits brightness, protected by 2.5D curved glass.",
        "source": "FoneArena.com",
        "url": "https://www.fonearena.com/blog/452462/boat-chrome-horizon-price-features.html&ved=2ahUKEwjXve2ogKiSAxWhSGwGHVZLGGs4RhDF9AF6BAgEEAI&usg=AOvVaw0KGnRrOSMVfbGr4e4MQGDk",
        "published_at": "8 months ago",
        "content": "The smartwatch features a 1.51-inch AMOLED display with a resolution of 466×466 pixels and 600 nits brightness, protected by 2.5D curved glass."
    },
    {
        "title": "U-BOAT Launches Limited-edition Classico For Left-handers",
        "description": "U-BOAT has unveiled a new take on its iconic Classico watch – a limited edition of just 99 pieces, specially designed for left-handers.",
        "source": "WatchPro",
        "url": "https://www.watchpro.com/u-boat-limited-edition-left-handed-classico/&ved=2ahUKEwjXve2ogKiSAxWhSGwGHVZLGGs4RhDF9AF6BAgBEAI&usg=AOvVaw21gZYhdfE5o7DEWdHe4t75",
        "published_at": "9 months ago",
        "content": "U-BOAT has unveiled a new take on its iconic Classico watch – a limited edition of just 99 pieces, specially designed for left-handers."
    },
    {
        "title": "Boat Races 2025 LIVE: Watch TV stream - start time, winners & updates from Oxford vs Cambridge",
        "description": "Watch: Reaction after Cambridge secure men's and women's Boat Race wins. 13 April 2025. Summary. Live Reporting. Get Inspired: How to get in to rowing.",
        "source": "BBC",
        "url": "https://www.bbc.com/sport/rowing/live/cql6yrvlzv7t&ved=2ahUKEwjXve2ogKiSAxWhSGwGHVZLGGs4RhDF9AF6BAgDEAI&usg=AOvVaw1dK7tBwBJl9UmPwh_vEl7k",
        "published_at": "9 months ago",
        "content": "Watch: Reaction after Cambridge secure men's and women's Boat Race wins. 13 April 2025. Summary. Live Reporting. Get Inspired: How to get in to rowing."
    },
    {
        "title": "The Boat Race 2025: How, Where And When To Watch Oxford Vs Cambridge",
        "description": "Both boat races take place on Sunday 13 April 2025. The women's race begins at 1.21pm. The men's follows at 2.21pm.",
        "source": "Londonist",
        "url": "https://londonist.com/london/sport/boat-race-oxford-cambridge-when-where-how-watch&ved=2ahUKEwi6k5yqgKiSAxWyXWwGHZBUAY04UBDF9AF6BAgCEAI&usg=AOvVaw2DphLvgm3Yq2Nse_D7hvmi",
        "published_at": "9 months ago",
        "content": "Both boat races take place on Sunday 13 April 2025. The women's race begins at 1.21pm. The men's follows at 2.21pm."
    },
    {
        "title": "The Boat Race 2025 - How to watch Oxford v Cambridge on TV and iPlayer and follow all the action across the BBC",
        "description": "How to watch The Boat Race 2025. Enjoy live coverage across BBC iPlayer, BBC One and the BBC Sport website and app from 12.20pm on Sunday 13 April. The 79th...",
        "source": "BBC",
        "url": "https://www.bbc.com/mediacentre/2025/how-to-watch-oxford-cambridge-boat-race&ved=2ahUKEwi6k5yqgKiSAxWyXWwGHZBUAY04UBDF9AF6BAgIEAI&usg=AOvVaw0L-fyKulBOO8C-aQLS00ar",
        "published_at": "9 months ago",
        "content": "How to watch The Boat Race 2025. Enjoy live coverage across BBC iPlayer, BBC One and the BBC Sport website and app from 12.20pm on Sunday 13 April. The 79th..."
    },
    {
        "title": "Where To Watch The Boat Race 2025: Best Pubs and Bars",
        "description": "We've put together a list of prime locations along the route, in Putney, Fulham, Hammersmith, Barnes and Chiswick, all perfect for spectating.",
        "source": "Time Out Worldwide",
        "url": "https://www.timeout.com/london/restaurants/where-to-watch-the-boat-race&ved=2ahUKEwi6k5yqgKiSAxWyXWwGHZBUAY04UBDF9AF6BAgKEAI&usg=AOvVaw2ItFui7G_Yu0281uYLQYEs",
        "published_at": "9 months ago",
        "content": "We've put together a list of prime locations along the route, in Putney, Fulham, Hammersmith, Barnes and Chiswick, all perfect for spectating."
    },
    {
        "title": "boAt IPO Date, Review, Price, Allotment Details",
        "description": "boAt IPO date is 2026. Check Imagine Marketing (boAt) IPO review, price, lot size, financial results, valuations & more details.",
        "source": "IPO Watch",
        "url": "https://ipowatch.in/boat-ipo-date-review-price-allotment-details/&ved=2ahUKEwi6k5yqgKiSAxWyXWwGHZBUAY04UBDF9AF6BAgFEAI&usg=AOvVaw2EKOe1dwBD_3oSRAf-D4Hn",
        "published_at": "9 months ago",
        "content": "boAt IPO date is 2026. Check Imagine Marketing (boAt) IPO review, price, lot size, financial results, valuations & more details."
    },
    {
        "title": "Boat Debuts Storm Infinity Smartwatch: Bluetooth Calling, 100+ Sports Modes & Up to 20 days Battery Life",
        "description": "The Storm Infinity is available in Active Black, Cherry Blossom, Silver Mist, and five other colors. It is priced from ₹1,299 with a ₹100 coupon discount (on...",
        "source": "Gizmochina",
        "url": "https://www.gizmochina.com/2025/03/26/boat-storm-infinity-smartwatch-launched-india/&ved=2ahUKEwi6k5yqgKiSAxWyXWwGHZBUAY04UBDF9AF6BAgGEAI&usg=AOvVaw1jdT7ljB4lTO8VppgMEtUK",
        "published_at": "9 months ago",
        "content": "The Storm Infinity is available in Active Black, Cherry Blossom, Silver Mist, and five other colors. It is priced from ₹1,299 with a ₹100 coupon discount (on..."
    },
    {
        "title": "Boat Storm Infinity smartwatch with 15 days battery life launched, priced at Rs 1,299",
        "description": "Boat has launched the Storm Infinity smartwatch, boasting a battery life of over 15 days and an IP68 rating for dust and splash resistance. Priced at Rs 1,299,...",
        "source": "Times of India",
        "url": "https://timesofindia.indiatimes.com/technology/wearables/boat-storm-infinity-smartwatch-with-15-days-battery-life-launched-priced-at-rs-1299/articleshow/119473271.cms&ved=2ahUKEwi6k5yqgKiSAxWyXWwGHZBUAY04UBDF9AF6BAgHEAI&usg=AOvVaw0G_sgvYLm1Sy33cTJasnAh",
        "published_at": "0 months ago",
        "content": "Boat has launched the Storm Infinity smartwatch, boasting a battery life of over 15 days and an IP68 rating for dust and splash resistance. Priced at Rs 1,299,..."
    },
    {
        "title": "Boat Storm Infinity Smartwatch With Bluetooth Calling, Up to 15 Days Battery Life Launched in India",
        "description": "Boat Storm Infinity Smartwatch With Bluetooth Calling, Up to 15 Days Battery Life Launched in India. Boat Storm Infinity may last for up to 20 days with regular...",
        "source": "Gadgets 360",
        "url": "https://www.gadgets360.com/wearables/news/boat-storm-infinity-price-india-launch-availability-features-specifications-8007158&ved=2ahUKEwi6k5yqgKiSAxWyXWwGHZBUAY04UBDF9AF6BAgJEAI&usg=AOvVaw2lE61ph4e4pxOR9XcQwsQE",
        "published_at": "0 months ago",
        "content": "Boat Storm Infinity Smartwatch With Bluetooth Calling, Up to 15 Days Battery Life Launched in India. Boat Storm Infinity may last for up to 20 days with regular..."
    },
    {
        "title": "BOLO SV “SIDONIA” Saint Martin to Azores",
        "description": "MRCC Fort de France and the Command Center USCG San Juan request cruisers Be On The Lookout for SV “SIDONIA” on passage from St. Martin to the Azores with...",
        "source": "BoatWatch.",
        "url": "https://boatwatch.org/resolved/bolo-sv-sidonia-saint-martin-to-azores/&ved=2ahUKEwi6k5yqgKiSAxWyXWwGHZBUAY04UBDF9AF6BAgEEAI&usg=AOvVaw3U8DuHg_cfjyhzt4wyxZf_",
        "published_at": "0 months ago",
        "content": "MRCC Fort de France and the Command Center USCG San Juan request cruisers Be On The Lookout for SV “SIDONIA” on passage from St. Martin to the Azores with..."
    },
    {
        "title": "boAt Storm Infinity Smartwatch Set to Launch in India with Exciting Features",
        "description": "With boAt expanding its smartwatch lineup aggressively, Storm Infinity appears to be positioned as a durable, all-in-one device for users looking for a reliable...",
        "source": "digital terminal",
        "url": "https://digitalterminal.in/device/boat-storm-infinity-smartwatch-set-to-launch-in-india-with-exciting-features&ved=2ahUKEwi6k5yqgKiSAxWyXWwGHZBUAY04UBDF9AF6BAgBEAI&usg=AOvVaw2Xq8WunKKa5H7oBmAjZER7",
        "published_at": "0 months ago",
        "content": "With boAt expanding its smartwatch lineup aggressively, Storm Infinity appears to be positioned as a durable, all-in-one device for users looking for a reliable..."
    },
    {
        "title": "boAt Storm Infinity to launch in India with a tall 1.82 display & 15 day battery on March 25",
        "description": "The teaser of the upcoming smartwatch was shared on Amazon India, confirming its 25th March 2025 launch date as well as some of its key specifications.",
        "source": "Gizmochina",
        "url": "https://www.gizmochina.com/2025/03/18/boat-storm-infinity-india-launch-next-week/&ved=2ahUKEwi6k5yqgKiSAxWyXWwGHZBUAY04UBDF9AF6BAgDEAI&usg=AOvVaw0OiEe8lgxLMWBjqs8DVD8m",
        "published_at": "0 months ago",
        "content": "The teaser of the upcoming smartwatch was shared on Amazon India, confirming its 25th March 2025 launch date as well as some of its key specifications."
    }
]