[
    {
        "title": "Return of the Manx: After 50 Years, the Original Dune Buggy Makes a Comeback",
        "description": "If I ask you to picture a “dune buggy,” what comes to mind? Chances are you’ve imagined the shape of a Meyers Manx without even realizing it. When sailor, surfer, and fiberglass boat-builder Bruce Meyers created the first Manx, he had no idea he was launching…",
        "source": "Bikeexif.com",
        "url": "https://www.bikeexif.com/meyers-manx-buggy-returns",
        "published_at": "2026-01-03T18:00:00Z",
        "content": "If I ask you to picture a dune buggy, what comes to mind? Chances are youve imagined the shape of a Meyers Manx without even realizing it. When sailor, surfer, and fiberglass boat-builder Bruce Meyer… [+7239 chars]"
    }
]