[
    {
        "title": "Sale cricket watch phone Best Sale Boat Wave Pro 47 smartwatch launched with Live Cricket Score",
        "description": "More information about cricket watch phone Best Sale Boat Wave Pro 47 smartwatch launched with Live Cricket Score.",
        "source": "Born2Invest",
        "url": "https://born2invest.com/%3Fb%3Dstyle-719347112&ved=2ahUKEwiH4KCM_6eSAxXkSWwGHS0CB4cQxfQBegQIBhAC&usg=AOvVaw2Oi5Zp5GiJ2daw7dZv5c6-",
        "published_at": "1 day ago",
        "content": "More information about cricket watch phone Best Sale Boat Wave Pro 47 smartwatch launched with Live Cricket Score."
    },
    {
        "title": "Wrap Nimbleness With These Highly Reviewed Smartwatches From Samsung, boAt, and More",
        "description": "Experience a perfect blend of speed and connectivity with some of the best smartwatches on Amazon, from brands like Samsung, boAt, Fastrack, and more keep...",
        "source": "Herzindagi",
        "url": "https://www.herzindagi.com/your-picks/gadget-zone/wrap-nimbleness-with-these-highly-reviewed-smartwatches-from-samsung-boat-and-more-11661&ved=2ahUKEwiH4KCM_6eSAxXkSWwGHS0CB4cQxfQBegQIAxAC&usg=AOvVaw3q_GrwBtDYOfPaZ00CyirI",
        "published_at": "4 days ago",
        "content": "Experience a perfect blend of speed and connectivity with some of the best smartwatches on Amazon, from brands like Samsung, boAt, Fastrack, and more keep..."
    },
    {
        "title": "Boat Wave Fortune smartwatch launched in India with NFC Tap & Pay and Bluetooth calling support",
        "description": "Boat has launched a new smartwatch in India called the Wave Fortune. The device adds contactless payment capabilities to Boat's growing wearable portfolio,...",
        "source": "MSN",
        "url": "https://www.msn.com/en-in/lifestyle/shopping/boat-wave-fortune-smartwatch-launched-in-india-with-nfc-tap-pay-and-bluetooth-calling-support/ar-AA1GXKxx%3Fapiversion%3Dv2%26domshim%3D1%26noservercache%3D1%26noservertelemetry%3D1%26batchservertelemetry%3D1%26renderwebcomponents%3D1%26wcseo%3D1&ved=2ahUKEwiH4KCM_6eSAxXkSWwGHS0CB4cQxfQBegQIChAC&usg=AOvVaw3lHSiV0OoX9QDLrPNBjNnq",
        "published_at": "6 days ago",
        "content": "Boat has launched a new smartwatch in India called the Wave Fortune. The device adds contactless payment capabilities to Boat's growing wearable portfolio,..."
    },
    {
        "title": "Top storm boat smartwatch New Arrivals boAt Storm call 1.69 inch HD display with Bluetooth Calling 550",
        "description": "More information about storm boat smartwatch New Arrivals boAt Storm call 1.69 inch HD display with Bluetooth Calling 550.",
        "source": "Born2Invest",
        "url": "http://born2invest.com/%3Fb%3Dstyle-751917612&ved=2ahUKEwiH4KCM_6eSAxXkSWwGHS0CB4cQxfQBegQIARAC&usg=AOvVaw20aa0RDinW6rWx1eZjaT1s",
        "published_at": "1 week ago",
        "content": "More information about storm boat smartwatch New Arrivals boAt Storm call 1.69 inch HD display with Bluetooth Calling 550."
    },
    {
        "title": "Hot boat smartwatch call function 2026 The World of boAt Wave Connect Bluetooth Calling Smartwatch Stay",
        "description": "Product: boat smartwatch call function boAt Wave Connect Bluetooth Calling Smartwatch with 1.69, boAt Wave Call Smart Watch Smart Talk with Advanced...",
        "source": "Born2Invest",
        "url": "https://born2invest.com/%3Fb%3Dstyle-729737212&ved=2ahUKEwiH4KCM_6eSAxXkSWwGHS0CB4cQxfQBegQIBRAC&usg=AOvVaw0oTQdhE1pslmH5Wrld5sAp",
        "published_at": "1 week ago",
        "content": "Product: boat smartwatch call function boAt Wave Connect Bluetooth Calling Smartwatch with 1.69, boAt Wave Call Smart Watch Smart Talk with Advanced..."
    },
    {
        "title": "Cheap boat smart watches Shop Buy Boat Smart Watch Wave Connect Grey Online Lulu Hypermarket India",
        "description": "More information about boat smart watches Shop Buy Boat Smart Watch Wave Connect Grey Online Lulu Hypermarket India.",
        "source": "Born2Invest",
        "url": "https://born2invest.com/%3Fb%3Dstyle-674516012&ved=2ahUKEwiH4KCM_6eSAxXkSWwGHS0CB4cQxfQBegQICRAC&usg=AOvVaw0TE75Q2J39minV3Jyzl0u7",
        "published_at": "1 week ago",
        "content": "More information about boat smart watches Shop Buy Boat Smart Watch Wave Connect Grey Online Lulu Hypermarket India."
    },
    {
        "title": "Cheap boat smartwatch under 2000 Online Smartwatch under 2000 From boAt Zebronics Boltt more Times",
        "description": "More information about boat smartwatch under 2000 Online Smartwatch under 2000 From boAt Zebronics Boltt more Times.",
        "source": "Born2Invest",
        "url": "https://born2invest.com/%3Fb%3Dstyle-727338812&ved=2ahUKEwiH4KCM_6eSAxXkSWwGHS0CB4cQxfQBegQIBBAC&usg=AOvVaw2FMmeC9Ar3-dPytfTDyjHq",
        "published_at": "1 week ago",
        "content": "More information about boat smartwatch under 2000 Online Smartwatch under 2000 From boAt Zebronics Boltt more Times."
    },
    {
        "title": "The Best Garmin Watch for Sailing: 2026’s top options tested",
        "description": "From luxury designs to smartwatch technology and boat interactivity, here's how we crowned the very best Garmin watch for sailors.",
        "source": "Yachting World",
        "url": "https://www.yachtingworld.com/yachts-and-gear/best-garmin-watch-148449&ved=2ahUKEwiH4KCM_6eSAxXkSWwGHS0CB4cQxfQBegQIBxAC&usg=AOvVaw2o8wjJOHP3-FioR1xNoa0M",
        "published_at": "1 week ago",
        "content": "From luxury designs to smartwatch technology and boat interactivity, here's how we crowned the very best Garmin watch for sailors."
    },
    {
        "title": "Best Feature-Rich Smartwatches For Girls From Brands Like boAt, Fastrack, and More",
        "description": "Discover some of the best feature-rich smartwatches for girls offering enormous benefits like heart rate monitor, menstrual cycle tracking, sleep analysis,...",
        "source": "Herzindagi",
        "url": "https://www.herzindagi.com/your-picks/gadget-zone/best-feature-rich-smartwatches-for-girls-from-brands-like-boat-fastrack-and-more-11238&ved=2ahUKEwiH4KCM_6eSAxXkSWwGHS0CB4cQxfQBegQICBAC&usg=AOvVaw0cVKdh2OQk_77oTzk4DgYF",
        "published_at": "2 weeks ago",
        "content": "Discover some of the best feature-rich smartwatches for girls offering enormous benefits like heart rate monitor, menstrual cycle tracking, sleep analysis,..."
    },
    {
        "title": "Secret Santa Ideas 2025: boAt Smartwatches Everyone Will Love",
        "description": "Are you ready to flip the script on Secret Santa this year? We're ditching the basic mugs and random scented candles for something that really brings the...",
        "source": "The Hindu",
        "url": "https://www.thehindu.com/brandhub/secret-santa-ideas-2025-boat-smartwatches-everyone-will-love/article70473781.ece&ved=2ahUKEwiH4KCM_6eSAxXkSWwGHS0CB4cQxfQBegQIAhAC&usg=AOvVaw396yM6OLwTUyIKqZ3uSZTB",
        "published_at": "3 weeks ago",
        "content": "Are you ready to flip the script on Secret Santa this year? We're ditching the basic mugs and random scented candles for something that really brings the..."
    }
]