[
    {
        "content":"More information about cricket watch phone Best Sale Boat Wave Pro 47 smartwatch launched with Live Cricket Score."
    },
    {
        "content":"Experience a perfect blend of speed and connectivity with some of the best smartwatches on Amazon, from brands like Samsung, boAt, Fastrack, and more keep..."
    },
    {
        "content":"Boat has launched a new smartwatch in India called the Wave Fortune. The device adds contactless payment capabilities to Boat's growing wearable portfolio,..."
    },
    {
        "content":"More information about storm boat smartwatch New Arrivals boAt Storm call 1.69 inch HD display with Bluetooth Calling 550."
    },
    {
        "content":"Product boat smartwatch call function boAt Wave Connect Bluetooth Calling Smartwatch with 1.69, boAt Wave Call Smart Watch Smart Talk with Advanced..."
    },
    {
        "content":"More information about boat smart watches Shop Buy Boat Smart Watch Wave Connect Grey Online Lulu Hypermarket India."
    },
    {
        "content":"More information about boat smartwatch under 2000 Online Smartwatch under 2000 From boAt Zebronics Boltt more Times."
    },
    {
        "content":"From luxury designs to smartwatch technology and boat interactivity, here's how we crowned the very best Garmin watch for sailors."
    },
    {
        "content":"Discover some of the best feature-rich smartwatches for girls offering enormous benefits like heart rate monitor, menstrual cycle tracking, sleep analysis,..."
    },
    {
        "content":"Are you ready to flip the script on Secret Santa this year? We're ditching the basic mugs and random scented candles for something that really brings the..."
    }
]