title,content
"boAt Storm Call 3 Review,",Comment Your Opinion
"boAt Storm Call 3 Review,",Nobhiiskebatmatsunbhiyashabfackha
"boAt Storm Call 3 Review,",I have boAt storm call and it have water resistant.
"boAt Storm Call 3 Review,",Bhai mara pass bhi nakin ko water proof or 1499rs ki ha
"boAt Storm Call 3 Review,",Hi how to setup time in this watch I tried via boat crest app but it says unable to connect. Bluetooth is connected only for calls and unable to change time
"boAt Storm Call 3 Review,",Nice
"boAt Storm Call 3 Review,",Ask me Questions
I Tested Best In Budget AMOLED Smartwatch - boAt Lunar Connect Ace,"Boat , Amazefit, Fireboltt none has any watch manufacturing unit, neither any reasearch team. The are just picking chinese toy and selling on Indian market. Shameless."
I Tested Best In Budget AMOLED Smartwatch - boAt Lunar Connect Ace,Mujhe bhi ek watch de do
I Tested Best In Budget AMOLED Smartwatch - boAt Lunar Connect Ace,iOS support?
I Tested Best In Budget AMOLED Smartwatch - boAt Lunar Connect Ace,bhai tu double L me q baat karta hai
I Tested Best In Budget AMOLED Smartwatch - boAt Lunar Connect Ace,Last bala sahi tha bhai
I Tested Best In Budget AMOLED Smartwatch - boAt Lunar Connect Ace,Boat ka application bekar hai sync slow hai
I Tested Best In Budget AMOLED Smartwatch - boAt Lunar Connect Ace,Hanging problem
I Tested Best In Budget AMOLED Smartwatch - boAt Lunar Connect Ace,
I Tested Best In Budget AMOLED Smartwatch - boAt Lunar Connect Ace,Smart band
I Tested Best In Budget AMOLED Smartwatch - boAt Lunar Connect Ace,Bhai laggy hai..
I Tested Best In Budget AMOLED Smartwatch - boAt Lunar Connect Ace,Name
I Tested Best In Budget AMOLED Smartwatch - boAt Lunar Connect Ace,Bro bro himmat hai to firebolt ki sabse sasti smart watch jismein games aur calculator Ho
I Tested Best In Budget AMOLED Smartwatch - boAt Lunar Connect Ace,Please Link
I Tested Best In Budget AMOLED Smartwatch - boAt Lunar Connect Ace,Link please send karo
I Tested Best In Budget AMOLED Smartwatch - boAt Lunar Connect Ace,Bhai watch ka name kya hai
I Tested Best In Budget AMOLED Smartwatch - boAt Lunar Connect Ace,Games ?
I Tested Best In Budget AMOLED Smartwatch - boAt Lunar Connect Ace,Boat Ultima prime review
I Tested Best In Budget AMOLED Smartwatch - boAt Lunar Connect Ace,Kaha se. Li. Batao
I Tested Best In Budget AMOLED Smartwatch - boAt Lunar Connect Ace,Tera over acting ke liye 1like kardiya
I Tested Best In Budget AMOLED Smartwatch - boAt Lunar Connect Ace,"Lunar connect ace ,"
I Tested Best In Budget AMOLED Smartwatch - boAt Lunar Connect Ace,Wahiyat ad of boat
I Tested Best In Budget AMOLED Smartwatch - boAt Lunar Connect Ace,Lunar discovery unboxing please
I Tested Best In Budget AMOLED Smartwatch - boAt Lunar Connect Ace,"Should've had Ponting in there, c'mon"
I Tested Best In Budget AMOLED Smartwatch - boAt Lunar Connect Ace,"Shastri and Kris Srikanth, honourable mentions!!"
I Tested Best In Budget AMOLED Smartwatch - boAt Lunar Connect Ace,Fire boltt ka check kar do
I Tested Best In Budget AMOLED Smartwatch - boAt Lunar Connect Ace,Same to me warch
I Tested Best In Budget AMOLED Smartwatch - boAt Lunar Connect Ace,Mat lo bhai kuch bhi nahi na calculator hai na password laga sakte hai na functional crown hai or na hi game hai
I Tested Best In Budget AMOLED Smartwatch - boAt Lunar Connect Ace,U r ho ho ho ho
I Tested Best In Budget AMOLED Smartwatch - boAt Lunar Connect Ace,Bekar watch hai bilkul...do baar service center bhej di tab bhi thik nahi hui Bluetooth connectivity problem hai aur phone hang ho raha hai application install karne ke baad
I Tested Best In Budget AMOLED Smartwatch - boAt Lunar Connect Ace,Kitne mile aman gupta se? Biased review mar diya kar be
I Tested Best In Budget AMOLED Smartwatch - boAt Lunar Connect Ace,Price
I Tested Best In Budget AMOLED Smartwatch - boAt Lunar Connect Ace,Rectangles smart watch 4G
I Tested Best In Budget AMOLED Smartwatch - boAt Lunar Connect Ace,Try boat wave force 2
I Tested Best In Budget AMOLED Smartwatch - boAt Lunar Connect Ace,Yea watch moja da do
I Tested Best In Budget AMOLED Smartwatch - boAt Lunar Connect Ace,"BeatXp Nuke , Mattel strap mere pe bhee hai , Mattel body, amoled display, round dial,"
I Tested Best In Budget AMOLED Smartwatch - boAt Lunar Connect Ace,Data sab fake hai isme
I Tested Best In Budget AMOLED Smartwatch - boAt Lunar Connect Ace,Phir bhi nhi leni
I Tested Best In Budget AMOLED Smartwatch - boAt Lunar Connect Ace,Muje toh ye 2499 me Mila
I Tested Best In Budget AMOLED Smartwatch - boAt Lunar Connect Ace,Please boat primia curv watch ka review video banao na abhi tak kisi ne nhi banaya hai YouTube pe.
I Tested Best In Budget AMOLED Smartwatch - boAt Lunar Connect Ace,Price bta diya kr...
I Tested Best In Budget AMOLED Smartwatch - boAt Lunar Connect Ace,"Bro , lunar mirage unbox karo"
I Tested Best In Budget AMOLED Smartwatch - boAt Lunar Connect Ace,Please
I Tested Best In Budget AMOLED Smartwatch - boAt Lunar Connect Ace,Mujhe gift kar do bhaiya ye watch
I Tested Best In Budget AMOLED Smartwatch - boAt Lunar Connect Ace,bhai na tammatar ka heart beat check nahi kiya. Karta to pata chal jata
I Tested Best In Budget AMOLED Smartwatch - boAt Lunar Connect Ace,Bhai kA nto ki baris
I Tested Best In Budget AMOLED Smartwatch - boAt Lunar Connect Ace,Video jaldi lao
I Tested Best In Budget AMOLED Smartwatch - boAt Lunar Connect Ace,"Kitna tola bol ek baar 10 tola,10 tola..."
I Tested Best In Budget AMOLED Smartwatch - boAt Lunar Connect Ace,One year ke baad battery problem ke full chances
I Tested Best In Budget AMOLED Smartwatch - boAt Lunar Connect Ace,Bhaiya yah watch mil sakti hai kya
I Tested Best In Budget AMOLED Smartwatch - boAt Lunar Connect Ace,Last was epic
I Tested Best In Budget AMOLED Smartwatch - boAt Lunar Connect Ace,5 din me kharaab hoo gyi bhai
I Tested Best In Budget AMOLED Smartwatch - boAt Lunar Connect Ace,Model btao
I Tested Best In Budget AMOLED Smartwatch - boAt Lunar Connect Ace,Naam kya hai
I Tested Best In Budget AMOLED Smartwatch - boAt Lunar Connect Ace,Premium watch Casual unboxing
I Tested Best In Budget AMOLED Smartwatch - boAt Lunar Connect Ace,Banana watch dam hai to
I Tested Best In Budget AMOLED Smartwatch - boAt Lunar Connect Ace,Lekin Bhai isme speeker hai lekin usme ring nhi bajti ..or na hi alarm ka ring bjta hai.
I Tested Best In Budget AMOLED Smartwatch - boAt Lunar Connect Ace,Price batao in video
I Tested Best In Budget AMOLED Smartwatch - boAt Lunar Connect Ace,Kir ket
I Tested Best In Budget AMOLED Smartwatch - boAt Lunar Connect Ace,Pheli bar kisi video meh mujhe almost har question k answer pata tha and all thanks to you sir
I Tested Best In Budget AMOLED Smartwatch - boAt Lunar Connect Ace,Watch ne bottle se thoda pani pike khali kardiya
I Tested Best In Budget AMOLED Smartwatch - boAt Lunar Connect Ace,lunar connect ace
I Tested Best In Budget AMOLED Smartwatch - boAt Lunar Connect Ace,strap ?
I Tested Best In Budget AMOLED Smartwatch - boAt Lunar Connect Ace,Bhai 4g Android smartwatch test karo
I Tested Best In Budget AMOLED Smartwatch - boAt Lunar Connect Ace,For how much
I Tested Best In Budget AMOLED Smartwatch - boAt Lunar Connect Ace,Abey pinchu kaha h
I Tested Best In Budget AMOLED Smartwatch - boAt Lunar Connect Ace,Bahiya aisa smartwatch Lao jisme pdf de sake
I Tested Best In Budget AMOLED Smartwatch - boAt Lunar Connect Ace,End time is
I Tested Best In Budget AMOLED Smartwatch - boAt Lunar Connect Ace,Bhai price and link de do
I Tested Best In Budget AMOLED Smartwatch - boAt Lunar Connect Ace,Bro link open nhi hota
I Tested Best In Budget AMOLED Smartwatch - boAt Lunar Connect Ace,totara seat
I Tested Best In Budget AMOLED Smartwatch - boAt Lunar Connect Ace,Noise ka konsa smart watch kharidna hai
I Tested Best In Budget AMOLED Smartwatch - boAt Lunar Connect Ace,call Kiya
I Tested Best In Budget AMOLED Smartwatch - boAt Lunar Connect Ace,Bhai lunar orb ka review dekho please
I Tested Best In Budget AMOLED Smartwatch - boAt Lunar Connect Ace,Ye sab features to har watch me hy
I Tested Best In Budget AMOLED Smartwatch - boAt Lunar Connect Ace,Is it worth
I Tested Best In Budget AMOLED Smartwatch - boAt Lunar Connect Ace,Baiya Boat ke alawa bhi smartwatch try Karo
I Tested Best In Budget AMOLED Smartwatch - boAt Lunar Connect Ace,Price??
I Tested Best In Budget AMOLED Smartwatch - boAt Lunar Connect Ace,Pinchu
I Tested Best In Budget AMOLED Smartwatch - boAt Lunar Connect Ace,Boat enigm unboxing nhi aaeya
I Tested Best In Budget AMOLED Smartwatch - boAt Lunar Connect Ace,Chapri unboxing
I Tested Best In Budget AMOLED Smartwatch - boAt Lunar Connect Ace,Link
I Tested Best In Budget AMOLED Smartwatch - boAt Lunar Connect Ace,Ye sabse bekar watch he i order and return
I Tested Best In Budget AMOLED Smartwatch - boAt Lunar Connect Ace,Fire boltt per bhi kar dho na
I Tested Best In Budget AMOLED Smartwatch - boAt Lunar Connect Ace,Maine le liya ye hang ho Raha hai ise koi mat lena
I Tested Best In Budget AMOLED Smartwatch - boAt Lunar Connect Ace,50 RS kat overacting k
I Tested Best In Budget AMOLED Smartwatch - boAt Lunar Connect Ace,Bro price kya hai
I Tested Best In Budget AMOLED Smartwatch - boAt Lunar Connect Ace,Aman Gupta be like ye le kuch paise or bik ja
I Tested Best In Budget AMOLED Smartwatch - boAt Lunar Connect Ace,Kabir t 800 ultra smart watch ki unboxing Kara raha nahi jate
I Tested Best In Budget AMOLED Smartwatch - boAt Lunar Connect Ace,"Bhai tra mu kaisa hai yr ,jb tu bolta hai ghungroo set"
I Tested Best In Budget AMOLED Smartwatch - boAt Lunar Connect Ace,Ma
I Tested Best In Budget AMOLED Smartwatch - boAt Lunar Connect Ace,Bhai thik se bol le...
I Tested Best In Budget AMOLED Smartwatch - boAt Lunar Connect Ace,1
Budget Bluetooth Calling Smart Watch - boAt Wave Fury,Anna madal please
Budget Bluetooth Calling Smart Watch - boAt Wave Fury,Sim support undha
Budget Bluetooth Calling Smart Watch - boAt Wave Fury,Bro smart watch lo local music storage chesukone watch chopandi bro
Budget Bluetooth Calling Smart Watch - boAt Wave Fury,BOAT watch wave voice
Budget Bluetooth Calling Smart Watch - boAt Wave Fury,Annaya water thagu ane Notification vastada
Budget Bluetooth Calling Smart Watch - boAt Wave Fury,Anna wave Fury lo apps Ela download cheyali
Budget Bluetooth Calling Smart Watch - boAt Wave Fury,Brightness very bad
Budget Bluetooth Calling Smart Watch - boAt Wave Fury,Anna button strong ne na
Budget Bluetooth Calling Smart Watch - boAt Wave Fury,Amazon lo undhadha bro
Budget Bluetooth Calling Smart Watch - boAt Wave Fury,Mana photos wallpaper ela set chasukovali Anna
Budget Bluetooth Calling Smart Watch - boAt Wave Fury,Bro Link pettu bro
Budget Bluetooth Calling Smart Watch - boAt Wave Fury,Fire Boltt smart watch click unboxing review
Budget Bluetooth Calling Smart Watch - boAt Wave Fury,Anna fire Boult 4g pro di unboxing
Budget Bluetooth Calling Smart Watch - boAt Wave Fury,Hi
Budget Bluetooth Calling Smart Watch - boAt Wave Fury,"Anna oka boat watch suggest cheyyi anna same anni features boat storm infinity lo undevi bluetooth calling, fast charging, long life battery 15 days 550mah, bulit in games, interface kuda same extraga navigation kuda undali"
Budget Bluetooth Calling Smart Watch - boAt Wave Fury,Sir naa watch screen touch and hang aind
Budget Bluetooth Calling Smart Watch - boAt Wave Fury,Anna bitlu chudochaaaa ??
Budget Bluetooth Calling Smart Watch - boAt Wave Fury,Anna. 1500 watch .
Budget Bluetooth Calling Smart Watch - boAt Wave Fury,Anna Nee Shirt bagundi.... Shirt Link untey pettavaa
Budget Bluetooth Calling Smart Watch - boAt Wave Fury,Bro bt calling smart watch lo app download chaiyadam alla
Budget Bluetooth Calling Smart Watch - boAt Wave Fury,Bro we want 2gb data
Budget Bluetooth Calling Smart Watch - boAt Wave Fury,Enti bro nuvu kuda dabba items anni promote chestunav
Budget Bluetooth Calling Smart Watch - boAt Wave Fury,Anna YouTube comment typing freze avthundi pratisari.Any trick to solve it please
Budget Bluetooth Calling Smart Watch - boAt Wave Fury,best sim watch
Budget Bluetooth Calling Smart Watch - boAt Wave Fury,Smart watch Android sim card And MRP ? Video cheyu annaya
Budget Bluetooth Calling Smart Watch - boAt Wave Fury,Service of it worst
Budget Bluetooth Calling Smart Watch - boAt Wave Fury,Endorsing useless brands for money ? What about your followers ? Such a scammer
Budget Bluetooth Calling Smart Watch - boAt Wave Fury,Annaya boat wave lite cheyyandi
Budget Bluetooth Calling Smart Watch - boAt Wave Fury,Music vintaniki avuthundha
Budget Bluetooth Calling Smart Watch - boAt Wave Fury,Give the smart watch please
Budget Bluetooth Calling Smart Watch - boAt Wave Fury,Best android watch with sim card video cheyyandi bro
Budget Bluetooth Calling Smart Watch - boAt Wave Fury,How to set wallpaper
Budget Bluetooth Calling Smart Watch - boAt Wave Fury,Anna beatxpwatch online lo konukkunna none stop ga green light vasthundhi em cheyali
Budget Bluetooth Calling Smart Watch - boAt Wave Fury,Bro i have one doubt Bluetooth calling means headset tho matladadam aa
Budget Bluetooth Calling Smart Watch - boAt Wave Fury,boat wave fury
Budget Bluetooth Calling Smart Watch - boAt Wave Fury,"Bro ela kadhu, manchi tricks cheppandi in noise company"
Budget Bluetooth Calling Smart Watch - boAt Wave Fury,Bro na dagara redmi watch 3 na mobail ki contact avatledhu anna em cheyali bro
Budget Bluetooth Calling Smart Watch - boAt Wave Fury,Bro blutooth watch only carry chesthe saripothundaa without mobile..
Budget Bluetooth Calling Smart Watch - boAt Wave Fury,Khana khana Bluetooth
Budget Bluetooth Calling Smart Watch - boAt Wave Fury,Boult 1.3 gurnchi cheppanna
Budget Bluetooth Calling Smart Watch - boAt Wave Fury,Anna fire bolt dream review pettu please
Budget Bluetooth Calling Smart Watch - boAt Wave Fury,Phone pakkane undala? Lekapothe phone intlo petti kuda watch ni use cheskovacha outside?
Budget Bluetooth Calling Smart Watch - boAt Wave Fury,Bro emaina tricks cheppava ?
Budget Bluetooth Calling Smart Watch - boAt Wave Fury,Anna boat app lo own walpaper image upload kaavatledhu Plz reply anna
Budget Bluetooth Calling Smart Watch - boAt Wave Fury,prabhas
Budget Bluetooth Calling Smart Watch - boAt Wave Fury,Lock ala patale
Budget Bluetooth Calling Smart Watch - boAt Wave Fury,fury or sigma ? tell me fast im confused
Budget Bluetooth Calling Smart Watch - boAt Wave Fury,Bro nothing Smartwatch Gurinchi kuda cheyyandi
Budget Bluetooth Calling Smart Watch - boAt Wave Fury,Fire boltt dream wrist phone 4g LTE gurinchi review cheyandi anna
Budget Bluetooth Calling Smart Watch - boAt Wave Fury,How to buy bro
Budget Bluetooth Calling Smart Watch - boAt Wave Fury,Boat watches frequently disconnect avuthai Bluetooth...malli connect cheste can't connect ani vastadi...assalu konoddu nenu 2 types vadi cheptunna...built quality matram baguntadi...anthe...
Budget Bluetooth Calling Smart Watch - boAt Wave Fury,"Thanks anna, I always looking your reviews to buy any smart things before buying"
Budget Bluetooth Calling Smart Watch - boAt Wave Fury,Camera and gaming
Budget Bluetooth Calling Smart Watch - boAt Wave Fury,Bro mini pc video pattu
Budget Bluetooth Calling Smart Watch - boAt Wave Fury,Anna incoming calls display midha no show
Budget Bluetooth Calling Smart Watch - boAt Wave Fury,"Hi, . My watch is not connecting with Bluetooth. Because it need app. which app needed for connect.Bluetooth My watch name is Fit pro"
Budget Bluetooth Calling Smart Watch - boAt Wave Fury,Prasad anna link comment lo pettu please
Budget Bluetooth Calling Smart Watch - boAt Wave Fury,Anna naa friend vastundhani chepte what'sapp lo oka ti scan Chesa ippudu what'sapp open kavatle solution cheppu anna plzzzz
Budget Bluetooth Calling Smart Watch - boAt Wave Fury,A app ki connect cheyyali
Budget Bluetooth Calling Smart Watch - boAt Wave Fury,Anna music Ala play cheyyali anna video please new watch problem music
Budget Bluetooth Calling Smart Watch - boAt Wave Fury,Do a video on How to diss connect smart watch call nd media speaker while using ear pods Watch nd ear pods connect cheste calls nd YouTube audio watch lo vastundi prati sari Bluetooth settings lo media off cheyalsi vastundi bro
Budget Bluetooth Calling Smart Watch - boAt Wave Fury,Nen 1100 ki tiskunna bro Flipkart lo
Budget Bluetooth Calling Smart Watch - boAt Wave Fury,Anna apple watch project
Budget Bluetooth Calling Smart Watch - boAt Wave Fury,Game's vunaya
Budget Bluetooth Calling Smart Watch - boAt Wave Fury,Anna beat xp vega gurinchi chepava
Budget Bluetooth Calling Smart Watch - boAt Wave Fury,GPS untada bro
Budget Bluetooth Calling Smart Watch - boAt Wave Fury,Lefun y10
Budget Bluetooth Calling Smart Watch - boAt Wave Fury,Nenu theesukunna anna 1099 ki flipkart big billion days offer loo
Budget Bluetooth Calling Smart Watch - boAt Wave Fury,Bluetooth range entha untadhi bro ?
Budget Bluetooth Calling Smart Watch - boAt Wave Fury,Anna link pattu anna
Budget Bluetooth Calling Smart Watch - boAt Wave Fury,Fire-bollt circle watch
Budget Bluetooth Calling Smart Watch - boAt Wave Fury,Anna firebolt cobra smart watch review cheppu anna plzz
Budget Bluetooth Calling Smart Watch - boAt Wave Fury,Annasimwatch
Budget Bluetooth Calling Smart Watch - boAt Wave Fury,App am vastha leav gaa bro
Budget Bluetooth Calling Smart Watch - boAt Wave Fury,Anna evari number ayina track chesi ekkadunnaro telusukovadaniki edhayina trick cheppu anna pls anna life matter pls anna
Budget Bluetooth Calling Smart Watch - boAt Wave Fury,Ios ki suppor chesthunda ?
Budget Bluetooth Calling Smart Watch - boAt Wave Fury,Anna Fastrack revoltt FS1pro
Budget Bluetooth Calling Smart Watch - boAt Wave Fury,Which smart watch is the best anna
Budget Bluetooth Calling Smart Watch - boAt Wave Fury,Games vunaya
Budget Bluetooth Calling Smart Watch - boAt Wave Fury,Amazon lo unna boat wave call 2 same ha?
Budget Bluetooth Calling Smart Watch - boAt Wave Fury,Evaraina Maa Darling Ni Use Chesthune Untaara Aakariki Prasad Anna Nuv Koodaa Naa
Budget Bluetooth Calling Smart Watch - boAt Wave Fury,Suggest below 2k price bro
Budget Bluetooth Calling Smart Watch - boAt Wave Fury,Battery life
Budget Bluetooth Calling Smart Watch - boAt Wave Fury,I love you bava nuvvu ante naku chala estam
Budget Bluetooth Calling Smart Watch - boAt Wave Fury,Charging how many day
Budget Bluetooth Calling Smart Watch - boAt Wave Fury,CMF watch nothing watch chey anna
Budget Bluetooth Calling Smart Watch - boAt Wave Fury,Bluetooth off Allah cheyali on
Budget Bluetooth Calling Smart Watch - boAt Wave Fury,Bluetooth off on
Budget Bluetooth Calling Smart Watch - boAt Wave Fury,anna camera watch ceppu anna no phone connection
Budget Bluetooth Calling Smart Watch - boAt Wave Fury,Anna noise watch apps download cheayadam ela
Budget Bluetooth Calling Smart Watch - boAt Wave Fury,Brother gaming watch 4games under 2000 with crown rotation button
Budget Bluetooth Calling Smart Watch - boAt Wave Fury,Anna Idhi android phones ki work avvutundha
Budget Bluetooth Calling Smart Watch - boAt Wave Fury,Link ekkada
Budget Bluetooth Calling Smart Watch - boAt Wave Fury,Anna realme c53 mobile lo font style change cheyadam ela
Budget Bluetooth Calling Smart Watch - boAt Wave Fury,"Anna please make a video on how can we get games, YouTube in boat Strom smart watch"
boAt vs Noise SmartwatchesKonsi Best Smartwatch Under 2000?,Water reminder boat exclusive??
boAt vs Noise SmartwatchesKonsi Best Smartwatch Under 2000?,Koi mt lena costom watch face ke liye subscription lena hoga 99 rs ka
boAt vs Noise SmartwatchesKonsi Best Smartwatch Under 2000?,"Don't buy noise smartwatch, their service is too bad. You'll regret"
boAt vs Noise SmartwatchesKonsi Best Smartwatch Under 2000?,Bhai noise colourfit pro 6 ki bhi batao na please
boAt vs Noise SmartwatchesKonsi Best Smartwatch Under 2000?,Thanks bro you helped me so much
boAt vs Noise SmartwatchesKonsi Best Smartwatch Under 2000?,Ram fir bhag ke gaya aur apple watch ultra la ke dedi to babuji ne jayadad ram ke nam pe kar di
boAt vs Noise SmartwatchesKonsi Best Smartwatch Under 2000?,Sir redmi watch move review please
boAt vs Noise SmartwatchesKonsi Best Smartwatch Under 2000?,Please make more videos smart watch under 1500-200 please
boAt vs Noise SmartwatchesKonsi Best Smartwatch Under 2000?,Sir merko mobile se headphone and display dono ka output lena hai to kuch recommend karo
boAt vs Noise SmartwatchesKonsi Best Smartwatch Under 2000?,Bhai aap manoge nahi but mera naam shyam hai aur mere Bhai ka naam ram hai
boAt vs Noise SmartwatchesKonsi Best Smartwatch Under 2000?,Snapdragon summit hua hain uske upar video ayega??
boAt vs Noise SmartwatchesKonsi Best Smartwatch Under 2000?,Bro make video about origin os coming in india
boAt vs Noise SmartwatchesKonsi Best Smartwatch Under 2000?,Bhaiya mere dost ko best camera aur achhi ek phone chahiye under 20k
boAt vs Noise SmartwatchesKonsi Best Smartwatch Under 2000?,Wow
boAt vs Noise SmartwatchesKonsi Best Smartwatch Under 2000?,Aloo khaoge ?
boAt vs Noise SmartwatchesKonsi Best Smartwatch Under 2000?,Noise me AI create and AI s arch bhi hai
boAt vs Noise SmartwatchesKonsi Best Smartwatch Under 2000?,Full video under 1999. Smart watch
boAt vs Noise SmartwatchesKonsi Best Smartwatch Under 2000?,Infinix gt 30 5g
boAt vs Noise SmartwatchesKonsi Best Smartwatch Under 2000?,First comment
boAt vs Noise SmartwatchesKonsi Best Smartwatch Under 2000?,Babuji ka sirf dadhi pakke Hain Yah bahut achcha Laga video
boAt vs Noise SmartwatchesKonsi Best Smartwatch Under 2000?,Jo like sebacrebe nahin kare ga uska uska sapna pura nahi hoha
TOP 5 Best Smartwatch Under 1000 in India Best Smart watch under 1000,Fire bolt kharb hai battery badiya nahi
TOP 5 Best Smartwatch Under 1000 in India Best Smart watch under 1000,Fireboltt mc
TOP 5 Best Smartwatch Under 1000 in India Best Smart watch under 1000,Android
TOP 5 Best Smartwatch Under 1000 in India Best Smart watch under 1000,Best analog jext
TOP 5 Best Smartwatch Under 1000 in India Best Smart watch under 1000,Bhai mere ko bhi De De
TOP 5 Best Smartwatch Under 1000 in India Best Smart watch under 1000,Sim card smath watch please
TOP 5 Best Smartwatch Under 1000 in India Best Smart watch under 1000,Bhaak all 5 smart watch bhaak
TOP 5 Best Smartwatch Under 1000 in India Best Smart watch under 1000,Mara fire bolt hunter ha
TOP 5 Best Smartwatch Under 1000 in India Best Smart watch under 1000,Mere pass mein fire-boltt calling Pro hai
TOP 5 Best Smartwatch Under 1000 in India Best Smart watch under 1000,Bhai ye sab kya karte Hain
TOP 5 Best Smartwatch Under 1000 in India Best Smart watch under 1000,Bhai 1000 se zada hai
TOP 5 Best Smartwatch Under 1000 in India Best Smart watch under 1000,Watch me home old Faridabad
TOP 5 Best Smartwatch Under 1000 in India Best Smart watch under 1000,Noise twost mere pas he
TOP 5 Best Smartwatch Under 1000 in India Best Smart watch under 1000,Abe boat ki wave furious duniya ki Sabse mahangi watch Delha
TOP 5 Best Smartwatch Under 1000 in India Best Smart watch under 1000,Bro redmi watch 5 active and i subscribe
TOP 5 Best Smartwatch Under 1000 in India Best Smart watch under 1000,Dam Hai to donon
TOP 5 Best Smartwatch Under 1000 in India Best Smart watch under 1000,2500 under boat ka kon sa watch acha hai
TOP 5 Best Smartwatch Under 1000 in India Best Smart watch under 1000,Bhaiya plz koi ek watch dedo aderess hamirpur up rani laxmi bai
TOP 5 Best Smartwatch Under 1000 in India Best Smart watch under 1000,Firebolt ki ghadi ghatiya Hoti Hai 6000 ki visionary ultra kharidi Thi 15 din mein Hi kharab ho gai vah bhi ek bar nahin do bar 12000 bekar mein Gaye
TOP 5 Best Smartwatch Under 1000 in India Best Smart watch under 1000,Balveer ka picture bada Bajar
TOP 5 Best Smartwatch Under 1000 in India Best Smart watch under 1000,Please send me
TOP 5 Best Smartwatch Under 1000 in India Best Smart watch under 1000,Noise
TOP 5 Best Smartwatch Under 1000 in India Best Smart watch under 1000,Track activity baker hai
TOP 5 Best Smartwatch Under 1000 in India Best Smart watch under 1000,4
TOP 5 Best Smartwatch Under 1000 in India Best Smart watch under 1000,Under 1500 best smartwatch with fully loaded feautures best build quality
TOP 5 Best Smartwatch Under 1000 in India Best Smart watch under 1000,Noice pluse 3
TOP 5 Best Smartwatch Under 1000 in India Best Smart watch under 1000,Mere ko chahie
TOP 5 Best Smartwatch Under 1000 in India Best Smart watch under 1000,Smart watch garbage
TOP 5 Best Smartwatch Under 1000 in India Best Smart watch under 1000,Firebolt
TOP 5 Best Smartwatch Under 1000 in India Best Smart watch under 1000,Boult drift mat lena
TOP 5 Best Smartwatch Under 1000 in India Best Smart watch under 1000,Fire boltt smart watch like
TOP 5 Best Smartwatch Under 1000 in India Best Smart watch under 1000,Round me best hai noise crewfit our normal me noise iconbuzzmere paas dono hai isliye pta hai
TOP 5 Best Smartwatch Under 1000 in India Best Smart watch under 1000,Bhai aapke hath mein Jo smart watch hai uska naam bataiye
TOP 5 Best Smartwatch Under 1000 in India Best Smart watch under 1000,I like smartwatch please buy for me smartwatch
TOP 5 Best Smartwatch Under 1000 in India Best Smart watch under 1000,I like smart watch
TOP 5 Best Smartwatch Under 1000 in India Best Smart watch under 1000,Bro redmi watch 5 active or Redmi watch move which is best
TOP 5 Best Smartwatch Under 1000 in India Best Smart watch under 1000,Noise crew kaisa hai
TOP 5 Best Smartwatch Under 1000 in India Best Smart watch under 1000,Mujhaoneshamarfchahia
TOP 5 Best Smartwatch Under 1000 in India Best Smart watch under 1000,Toh phle last 2 btata na
TOP 5 Best Smartwatch Under 1000 in India Best Smart watch under 1000,Achha sa 1k ke under calling ear bud batayiye please
TOP 5 Best Smartwatch Under 1000 in India Best Smart watch under 1000,Bahiya kam nhi kar rah hai
TOP 5 Best Smartwatch Under 1000 in India Best Smart watch under 1000,Online courier
TOP 5 Best Smartwatch Under 1000 in India Best Smart watch under 1000,Boat rokerz 480 ka bass accha hai plz reply me
TOP 5 Best Smartwatch Under 1000 in India Best Smart watch under 1000,Boat rokerz 480 ki bass kaisa hai plz reply me
TOP 5 Best Smartwatch Under 1000 in India Best Smart watch under 1000,Bro under 2500
TOP 5 Best Smartwatch Under 1000 in India Best Smart watch under 1000,Go boult drift plus liya maine bahut accha watch hai
TOP 5 Best Smartwatch Under 1000 in India Best Smart watch under 1000,Bhai mujhe bhi nahin smart watch Maine subscribe Kar Diya
TOP 5 Best Smartwatch Under 1000 in India Best Smart watch under 1000,Broo amkette boomer fx pro speaker plsssasssss video
boAt Best Selling Smart Watch Here ! boAt Storm Call 2,Anna please tell smart watches with camera control option
boAt Best Selling Smart Watch Here ! boAt Storm Call 2,Anna oka watch konali ante. minimum em spec undali cheppu anna
boAt Best Selling Smart Watch Here ! boAt Storm Call 2,Bro suggest water resistant watch in budget
boAt Best Selling Smart Watch Here ! boAt Storm Call 2,"Fire-Boltt Ninja Call Pro Max Smart Watch 2.01 inch Display, Bluetooth Calling, 120 Sports Modes, Health Suite, Voice Assistance Forest Green"
boAt Best Selling Smart Watch Here ! boAt Storm Call 2,Anna youtube or instagram chudacha
boAt Best Selling Smart Watch Here ! boAt Storm Call 2,Link send me anna
boAt Best Selling Smart Watch Here ! boAt Storm Call 2,S8 ultra sim watch reviewplz
boAt Best Selling Smart Watch Here ! boAt Storm Call 2,Links
boAt Best Selling Smart Watch Here ! boAt Storm Call 2,Anna link petuu please anna
boAt Best Selling Smart Watch Here ! boAt Storm Call 2,anna sensex chusukovaccha trading purpose
boAt Best Selling Smart Watch Here ! boAt Storm Call 2,Anna fire blott dream watch review chepu anna
boAt Best Selling Smart Watch Here ! boAt Storm Call 2,Under 2k best smart watch
boAt Best Selling Smart Watch Here ! boAt Storm Call 2,"Anna apple watch series 7,8,9,10 lo edi value for money edi konukovali difference emi ani cheppandi anna"
boAt Best Selling Smart Watch Here ! boAt Storm Call 2,Anna what about totwoo watch
boAt Best Selling Smart Watch Here ! boAt Storm Call 2,Anna ladies ki below 3k lo best smart watch cheppu anna
boAt Best Selling Smart Watch Here ! boAt Storm Call 2,Contacts checking
boAt Best Selling Smart Watch Here ! boAt Storm Call 2,"Anna oka boat watch suggest cheyyi anna same anni features boat storm infinity lo undevi bluetooth calling, fast charging, long life battery 15 days 550mah, bulit in games, live cricket score, interface kuda same, water proof and manchi display quality extraga navigation kuda undali"
boAt Best Selling Smart Watch Here ! boAt Storm Call 2,Anna please full video
boAt Best Selling Smart Watch Here ! boAt Storm Call 2,Anna nenu mee daggara work cheyalani undi
boAt Best Selling Smart Watch Here ! boAt Storm Call 2,Anna round shape watch
boAt Best Selling Smart Watch Here ! boAt Storm Call 2,Thanks Anna use ayindi
boAt Best Selling Smart Watch Here ! boAt Storm Call 2,"Bro, campaq xbreed series 1.78 display watch feature cheppu please"
boAt Best Selling Smart Watch Here ! boAt Storm Call 2,YouTube
boAt Best Selling Smart Watch Here ! boAt Storm Call 2,Bro smart watches tho payment chayacha ela undtadi lte watches tho cheyachu ga phone lekunda adha use chayacha
boAt Best Selling Smart Watch Here ! boAt Storm Call 2,Can we connect this for iPhone
boAt Best Selling Smart Watch Here ! boAt Storm Call 2,Anna smart watch manchi company ante under 1000 rupees sim card working and games work
boAt Best Selling Smart Watch Here ! boAt Storm Call 2,iOS ki support chese best smartwatch cheppana please
boAt Best Selling Smart Watch Here ! boAt Storm Call 2,Bgmi was personal
boAt Best Selling Smart Watch Here ! boAt Storm Call 2,Bro iphone ki best smart watch with low budget chepandi
boAt Best Selling Smart Watch Here ! boAt Storm Call 2,Suggest me in boat 1000- 1200 watch
boAt Best Selling Smart Watch Here ! boAt Storm Call 2,Bro explain about strome call 3
boAt Best Selling Smart Watch Here ! boAt Storm Call 2,Bost and noise best brand Cheppu anna speakers and smart watch thisukovalli Cheppu anna
boAt Best Selling Smart Watch Here ! boAt Storm Call 2,Anarc watch review
boAt Best Selling Smart Watch Here ! boAt Storm Call 2,Anna ANARC KUDHA try chey anna
boAt Best Selling Smart Watch Here ! boAt Storm Call 2,Anna boat lte watch review kavaali
boAt Best Selling Smart Watch Here ! boAt Storm Call 2,Poor design
boAt Best Selling Smart Watch Here ! boAt Storm Call 2,Anna iwant to talk to u anna
boAt Best Selling Smart Watch Here ! boAt Storm Call 2,Anna iPhone 13 saripoyi watch cheppandi
boAt Best Selling Smart Watch Here ! boAt Storm Call 2,this is water proof or not
boAt Best Selling Smart Watch Here ! boAt Storm Call 2,Anna ikkada use chesina mobile model
boAt Best Selling Smart Watch Here ! boAt Storm Call 2,Links pettu bro
boAt Best Selling Smart Watch Here ! boAt Storm Call 2,Anna deaf person ki best watch chepu ana call and MSG vasthi watch' vibration Baga ekuva ga ravali
boAt Best Selling Smart Watch Here ! boAt Storm Call 2,Bro is this watch is connectable to iPhones??
boAt Best Selling Smart Watch Here ! boAt Storm Call 2,Anna firebolt crikk Android full video
boAt Best Selling Smart Watch Here ! boAt Storm Call 2,Anna boat buds lo aac antte entti anna
boAt Best Selling Smart Watch Here ! boAt Storm Call 2,Anna strong call 3 explain chey anna please
boAt Best Selling Smart Watch Here ! boAt Storm Call 2,"Anna, naku oka suggest chey anna Sim watch Budget lo kavali Cheppu anna"
boAt Best Selling Smart Watch Here ! boAt Storm Call 2,Anna fireboltt cyclone on off issue anna please chapu anna
boAt Best Selling Smart Watch Here ! boAt Storm Call 2,Iphone ki connect avutunda bro
boAt Best Selling Smart Watch Here ! boAt Storm Call 2,Anna Strom kadu stormspell stom
boAt Best Selling Smart Watch Here ! boAt Storm Call 2,Anna mobile watch ki galary vunde watch chpu anna
boAt Best Selling Smart Watch Here ! boAt Storm Call 2,Anna sim card yunde watch chepava low price low anna
boAt Best Selling Smart Watch Here ! boAt Storm Call 2,How to change wallpaper in firebolt oracle watch
boAt Best Selling Smart Watch Here ! boAt Storm Call 2,Anna unbox iTel watch
boAt Best Selling Smart Watch Here ! boAt Storm Call 2,Anna giveaway
boAt Best Selling Smart Watch Here ! boAt Storm Call 2,girls touch watches kavali annna okka video chai
boAt Best Selling Smart Watch Here ! boAt Storm Call 2,Can you please give me
boAt Best Selling Smart Watch Here ! boAt Storm Call 2,Samsung f15 Best na. M34 bestaa please replay
boAt Best Selling Smart Watch Here ! boAt Storm Call 2,Bro adhi online app chupisthondhi amount pay cheyavacha
boAt Best Selling Smart Watch Here ! boAt Storm Call 2,Bro giveaway ivachu ga watch
boAt Best Selling Smart Watch Here ! boAt Storm Call 2,Anna a hair colour brand vadutunr super.
boAt Best Selling Smart Watch Here ! boAt Storm Call 2,Games unnaya ledha ani kuda chappandi
boAt Best Selling Smart Watch Here ! boAt Storm Call 2,boat ultratime connect watch No music play bro watch lo ?
boAt Best Selling Smart Watch Here ! boAt Storm Call 2,Anna fire robot Ninja cartoon
boAt Best Selling Smart Watch Here ! boAt Storm Call 2,super anna
boAt Best Selling Smart Watch Here ! boAt Storm Call 2,Anna watch rate antha
boAt Best Selling Smart Watch Here ! boAt Storm Call 2,Dhonnobad
boAt Best Selling Smart Watch Here ! boAt Storm Call 2,Is recording feature is available in this watch
boAt Best Selling Smart Watch Here ! boAt Storm Call 2,Strap size entha bro edhi
boAt Best Selling Smart Watch Here ! boAt Storm Call 2,Annaya whats up lo deleted ipoh yahoo pics ela restore chysukovalo cheppu anna please family matter
boAt Best Selling Smart Watch Here ! boAt Storm Call 2,Touch not working
boAt Best Selling Smart Watch Here ! boAt Storm Call 2,Sound alaa vundhi bro... Bike ride chestunapudu sound vinipisthundha
boAt Best Selling Smart Watch Here ! boAt Storm Call 2,?
boAt Best Selling Smart Watch Here ! boAt Storm Call 2,Product Out of stock ipendi anya elaga?
boAt Best Selling Smart Watch Here ! boAt Storm Call 2,Bro ultran 8 watchs real Sim watchs
boAt Best Selling Smart Watch Here ! boAt Storm Call 2,Anna iPhone ki connected avuthumdha
boAt Best Selling Smart Watch Here ! boAt Storm Call 2,Music not working properly
boAt Best Selling Smart Watch Here ! boAt Storm Call 2,Bro e watch cahrger cable poinde ede tiskovali kuncham chepandi please
boAt Best Selling Smart Watch Here ! boAt Storm Call 2,realme smart watch gurinchi video cheyandi
boAt Best Selling Smart Watch Here ! boAt Storm Call 2,Anna water proof vubtundha
boAt Best Selling Smart Watch Here ! boAt Storm Call 2,Avasaram leadu bro
boAt Best Selling Smart Watch Here ! boAt Storm Call 2,Games
boAt Best Selling Smart Watch Here ! boAt Storm Call 2,Anna please na mail id recovery chese option cheppu urgent
boAt Best Selling Smart Watch Here ! boAt Storm Call 2,Boat products asalu vadkudadu Anna smart watches lu Sariga pani cheyadam ledu
boAt Best Selling Smart Watch Here ! boAt Storm Call 2,Fire bolt okay 999
boAt Best Selling Smart Watch Here ! boAt Storm Call 2,Anna meru ame diet plan chesaru bhaga tagaru
boAt Best Selling Smart Watch Here ! boAt Storm Call 2,Na watch swich off indhi aadhi poindhi eela kanipettali annaaa plssssssssssssssssss
boAt Best Selling Smart Watch Here ! boAt Storm Call 2,How to find if it's gone
boAt Best Selling Smart Watch Here ! boAt Storm Call 2,thanks anna
boAt Best Selling Smart Watch Here ! boAt Storm Call 2,"Bro,fire boltt invincible plus Try chey confirm niku nachidhi Please review pettu"
boAt Best Selling Smart Watch Here ! boAt Storm Call 2,Best women smartwatch yedhaina cheppu anna
boAt Best Selling Smart Watch Here ! boAt Storm Call 2,Anna please reply anna small help kavali
1200 boAt Smartwatch vs My Old watch,Link -
1200 boAt Smartwatch vs My Old watch,1250 storm call
1200 boAt Smartwatch vs My Old watch,Hotel ke niche bhole ka Kya Hai uske aage aage Sanju ka kahana uske aage Katara ke dikhta Hai uske aage Ghar dikhega vah
1200 boAt Smartwatch vs My Old watch,Abhi main cal jaane wala hun 700 aap de dena ka parson 200 Aakar de dena
1200 boAt Smartwatch vs My Old watch,Abhi main aapka bhai hun abhi mere ko bhai main rahata hun Ulhasnagar abhi main Apne gaon mein cal jaunga aapane Ulhasnagar Pune hotel ke niche Sanju Kaka pata Hai Ulhasnagar ke
1200 boAt Smartwatch vs My Old watch,Ab main tumhara bhai hai fridge
1200 boAt Smartwatch vs My Old watch,Please na jaldi de do 10 milian 1000 iPhone 17 Pro Max
1200 boAt Smartwatch vs My Old watch,Prema de do na bhai mere ko bhai samajh ke de do abhi main aapka bhai banaa
1200 boAt Smartwatch vs My Old watch,Bhai mera mere ko bhai samajh ke 10000 rupaye aur iPhone 17 dila kar do om mynameisom
1200 boAt Smartwatch vs My Old watch,Noisefit colourfit 2 pulsemax
1200 boAt Smartwatch vs My Old watch,"6,000"
1200 boAt Smartwatch vs My Old watch,100
1200 boAt Smartwatch vs My Old watch,Boat company ka 3500 ka ghadi
1200 boAt Smartwatch vs My Old watch,Boat company ka 3500
1200 boAt Smartwatch vs My Old watch,Game hai isme
1200 boAt Smartwatch vs My Old watch,One phone please
1200 boAt Smartwatch vs My Old watch,7000
1200 boAt Smartwatch vs My Old watch,Bhai yarr mujhe study ke liye koi best phone gift kar do bhai
1200 boAt Smartwatch vs My Old watch,RS 1000
1200 boAt Smartwatch vs My Old watch,Please give me phone
1200 boAt Smartwatch vs My Old watch,Apple watch -100000
1200 boAt Smartwatch vs My Old watch,Boat wave Fury
1200 boAt Smartwatch vs My Old watch,3000
1200 boAt Smartwatch vs My Old watch,Humne 599 mein Le li
1200 boAt Smartwatch vs My Old watch,2000
1200 boAt Smartwatch vs My Old watch,100000
1200 boAt Smartwatch vs My Old watch,414 t800 ultra Smart Watch
1200 boAt Smartwatch vs My Old watch,"2,799"
1200 boAt Smartwatch vs My Old watch,Boult smart watch sk 1000
1200 boAt Smartwatch vs My Old watch,100000000000000000000000000000000000000000000000000000000000000999999 ki hai
1200 boAt Smartwatch vs My Old watch,1200
1200 boAt Smartwatch vs My Old watch,1500
1200 boAt Smartwatch vs My Old watch,"50, 000 ke"
1200 boAt Smartwatch vs My Old watch,5000
1200 boAt Smartwatch vs My Old watch,Boat wave Astra 3 Rs.8999
1200 boAt Smartwatch vs My Old watch,Bhai meri beatxp Marv Ace me ye sare feature hai aur woh 999- ki hai
1200 boAt Smartwatch vs My Old watch,1000
1200 boAt Smartwatch vs My Old watch,10
1200 boAt Smartwatch vs My Old watch,89999 ki apple smartwatch garibon
1200 boAt Smartwatch vs My Old watch,10000000
1200 boAt Smartwatch vs My Old watch,530
1200 boAt Smartwatch vs My Old watch,500
1200 boAt Smartwatch vs My Old watch,Rolex 11 5000
1200 boAt Smartwatch vs My Old watch,822
1200 boAt Smartwatch vs My Old watch,900 rs ki
1200 boAt Smartwatch vs My Old watch,Only 999 rupees ka hai
1200 boAt Smartwatch vs My Old watch,Rs. 8000
1200 boAt Smartwatch vs My Old watch,Bhaiya Jo watch aapke pass abhi Thi new wali bilkul sem Hai Vahi design hai mere pass
1200 boAt Smartwatch vs My Old watch,50million
1200 boAt Smartwatch vs My Old watch,smart watchNahin hai
1200 boAt Smartwatch vs My Old watch,6000My name is a Aarohi
1200 boAt Smartwatch vs My Old watch,My smart cost is 10 Lakhs because she is golden and diamond plating smart watch
1200 boAt Smartwatch vs My Old watch,Bhai ek bar bas mere liye noise ki thrill smart watch test karke dekho please
1200 boAt Smartwatch vs My Old watch,boat xtend smart watch
1200 boAt Smartwatch vs My Old watch,1 lakh 80 thousand
1200 boAt Smartwatch vs My Old watch,hw s12 call smartwatch 5199
1200 boAt Smartwatch vs My Old watch,600000
1200 boAt Smartwatch vs My Old watch,Fastrack fs1
1200 boAt Smartwatch vs My Old watch,Bhai mere pass 500 smart hai
1200 boAt Smartwatch vs My Old watch,Chilla kyu raha hai
1200 boAt Smartwatch vs My Old watch,Nice ki 2 lakh ki
1200 boAt Smartwatch vs My Old watch,800
1200 boAt Smartwatch vs My Old watch,300000 ka IQ watch smart watch
1200 boAt Smartwatch vs My Old watch,Apple watch ultra
1200 boAt Smartwatch vs My Old watch,"90,000"
1200 boAt Smartwatch vs My Old watch,53hajar
1200 boAt Smartwatch vs My Old watch,"1,499 fire bolt talk bluetooth"
1200 boAt Smartwatch vs My Old watch,Boat Avanti bar thump
1200 boAt Smartwatch vs My Old watch,1k
1200 boAt Smartwatch vs My Old watch,Rs1000
1200 boAt Smartwatch vs My Old watch,DW 89 ultra 4G
1200 boAt Smartwatch vs My Old watch,2200 ka
1200 boAt Smartwatch vs My Old watch,Rs453
1200 boAt Smartwatch vs My Old watch,"Apple watch 90,000"
1200 boAt Smartwatch vs My Old watch,500 sache e mere pas hai
1200 boAt Smartwatch vs My Old watch,Same mere pass bhi
1200 boAt Smartwatch vs My Old watch,700
1200 boAt Smartwatch vs My Old watch,"3000000000,00"
1200 boAt Smartwatch vs My Old watch,10200
1200 boAt Smartwatch vs My Old watch,4200
1200 boAt Smartwatch vs My Old watch,Mere pas to koy si nhi hai
1200 boAt Smartwatch vs My Old watch,"Rs,25000"
1200 boAt Smartwatch vs My Old watch,10000 ki smartwatch
1200 boAt Smartwatch vs My Old watch,Boat wave Astra 3 boat 1500
1200 boAt Smartwatch vs My Old watch,400 ki smart watch0
1200 boAt Smartwatch vs My Old watch,-0
1200 boAt Smartwatch vs My Old watch,Filkart 365 Download
1200 boAt Smartwatch vs My Old watch,Mera pass 15000 ki hai
1200 boAt Smartwatch vs My Old watch,Realme watch 2 pro
1200 boAt Smartwatch vs My Old watch,2500
1200 boAt Smartwatch vs My Old watch,Smart watch to chhoro watch bhi nahi hai
1200 boAt Smartwatch vs My Old watch,10000
1200 boAt Smartwatch vs My Old watch,612
Boat Storm call 3 Turn By Turn Navigation Strom Call Unboxing,if you want to get is a good
Boat Storm call 3 Turn By Turn Navigation Strom Call Unboxing,Bhai mera bhi naam ronak he
Boat Storm call 3 Turn By Turn Navigation Strom Call Unboxing,I have boat smart watch
Boat Storm call 3 Turn By Turn Navigation Strom Call Unboxing,Bots Storm Call 3 vs Bots Wave Forec 2 Please make it
Boat Storm call 3 Turn By Turn Navigation Strom Call Unboxing,"Hello guys, if you want to buy this watch strom call , don't buy I have the same it is cheaper and has no features. But is Waterproof. It has only features like stopwatch, timer etc. also the sensor in this watch is fake. If you want to buy smart watch under 2000 buy a fire bolt or boult watches. Don't buy this"
Boat Storm call 3 Turn By Turn Navigation Strom Call Unboxing,"If I connect this watch and earbuds to my mobile and I call someone, can I use direct audio from earbuds, without touching my phone?"
Boat Storm call 3 Turn By Turn Navigation Strom Call Unboxing,Made in india
Boat Storm call 3 Turn By Turn Navigation Strom Call Unboxing,Mere pass hai
Boat Storm call 3 Turn By Turn Navigation Strom Call Unboxing,Bhaiya ismein time Kaise set karte hain uska video bnao
Boat Storm call 3 Turn By Turn Navigation Strom Call Unboxing,Smat wach name
Boat Storm call 3 Turn By Turn Navigation Strom Call Unboxing,Instamart se mene 699 me liya
Boat Storm call 3 Turn By Turn Navigation Strom Call Unboxing,Subscribe pls
Boat Storm call 3 Turn By Turn Navigation Strom Call Unboxing,Photo lagene me problem aa rahi hai
Boat Storm call 3 Turn By Turn Navigation Strom Call Unboxing,No I am have this watch smart watch
Boat Storm call 3 Turn By Turn Navigation Strom Call Unboxing,Whats the colour name and is that available????
Boat Storm call 3 Turn By Turn Navigation Strom Call Unboxing,I am waiting
15 days Battery Life .... boAt Storm Infinity ReviewinTamil,I didn't use smart watch
15 days Battery Life .... boAt Storm Infinity ReviewinTamil,Play store app sollunga bro
15 days Battery Life .... boAt Storm Infinity ReviewinTamil,1st time user ku best smart watch bro
15 days Battery Life .... boAt Storm Infinity ReviewinTamil,Mobile name ?
15 days Battery Life .... boAt Storm Infinity ReviewinTamil,Anna nanum in the watch vagitana 16 nala display fulla coducoda vanthuruchuna athuku oru solution solluna
15 days Battery Life .... boAt Storm Infinity ReviewinTamil,Is this compatible with apple phone
15 days Battery Life .... boAt Storm Infinity ReviewinTamil,bro iq neo 10r vs 1 12r vs realme gt 6t 8 256 gb which is best pls soluga bro or wait for realme gt7 and 1 nord 5 naa ipotha 12th mudecha one time investment 5 years use pananum pls reply panuga bro pls
15 days Battery Life .... boAt Storm Infinity ReviewinTamil,How about huwai fit 3
15 days Battery Life .... boAt Storm Infinity ReviewinTamil,watch charge ilama. naanum thaan ba.
15 days Battery Life .... boAt Storm Infinity ReviewinTamil,Kasu vangitaga patti
15 days Battery Life .... boAt Storm Infinity ReviewinTamil,broo redmi watch move review podunga broo 2000 kuu nalla irukkuu
15 days Battery Life .... boAt Storm Infinity ReviewinTamil,Redmi watch move review .
15 days Battery Life .... boAt Storm Infinity ReviewinTamil,But the watch strap is not good when compare to expect
15 days Battery Life .... boAt Storm Infinity ReviewinTamil,Me
15 days Battery Life .... boAt Storm Infinity ReviewinTamil,charge two week once it will stay for 2 weeks boat wave arcade
15 days Battery Life .... boAt Storm Infinity ReviewinTamil,1800- price varudhu bro
15 days Battery Life .... boAt Storm Infinity ReviewinTamil,Bro unga video pathu nan realme p3 5g vanga poren tomorrow it will come
15 days Battery Life .... boAt Storm Infinity ReviewinTamil,Bro rog strix g16 review panuga bro
15 days Battery Life .... boAt Storm Infinity ReviewinTamil,Fast track TWS
15 days Battery Life .... boAt Storm Infinity ReviewinTamil,Fast track touch watch
15 days Battery Life .... boAt Storm Infinity ReviewinTamil,Me 1 year
15 days Battery Life .... boAt Storm Infinity ReviewinTamil,Under 30k podunga anna
15 days Battery Life .... boAt Storm Infinity ReviewinTamil,Nice bro
15 days Battery Life .... boAt Storm Infinity ReviewinTamil,Its 2025 and still we have Notable Bezel in Watches
15 days Battery Life .... boAt Storm Infinity ReviewinTamil,Promotion video
15 days Battery Life .... boAt Storm Infinity ReviewinTamil,First cmt
I Tested boAt Wave Fury Smartwatch Under 1299,Bhai yah watch mere pass bhi hai lekin usko phone Se kaise connect karte hain mujhe a nahin Raha
I Tested boAt Wave Fury Smartwatch Under 1299,Ye to bakwass bhi ha ye kon bolega
I Tested boAt Wave Fury Smartwatch Under 1299,Game khel sakte hai kya
I Tested boAt Wave Fury Smartwatch Under 1299,Mere pas h
I Tested boAt Wave Fury Smartwatch Under 1299,Yah mujhko de do
I Tested boAt Wave Fury Smartwatch Under 1299,How to change the time
I Tested boAt Wave Fury Smartwatch Under 1299,Ringtone nhi hai
I Tested boAt Wave Fury Smartwatch Under 1299,Itna bhi jhuth nhi bolna hota jhhatu
I Tested boAt Wave Fury Smartwatch Under 1299,Calculater nhi hai
I Tested boAt Wave Fury Smartwatch Under 1299,I also have this watch
I Tested boAt Wave Fury Smartwatch Under 1299,I have this
I Tested boAt Wave Fury Smartwatch Under 1299,Isko connect kaise karen iski video daliye mere pass bhi Hai Meri connect hi nahin ho rahi hai
I Tested boAt Wave Fury Smartwatch Under 1299,Bhai mujhe to ye Rs 927
I Tested boAt Wave Fury Smartwatch Under 1299,Mara pass ha
I Tested boAt Wave Fury Smartwatch Under 1299,I have that
I Tested boAt Wave Fury Smartwatch Under 1299,Bhai koi batayega photo save karne ke baad photo blur hojata h
I Tested boAt Wave Fury Smartwatch Under 1299,Koi batayega smartwatch under 3000rs konsi best rahegi
I Tested boAt Wave Fury Smartwatch Under 1299,How can we use playstore in this watch
I Tested boAt Wave Fury Smartwatch Under 1299,Abi 999
I Tested boAt Wave Fury Smartwatch Under 1299,How to set time in this
I Tested boAt Wave Fury Smartwatch Under 1299,Mere paas toh already hai yeh
I Tested boAt Wave Fury Smartwatch Under 1299,iska timeing kaise change karna hai
I Tested boAt Wave Fury Smartwatch Under 1299,Mare pass ha
I Tested boAt Wave Fury Smartwatch Under 1299,Same my watch
I Tested boAt Wave Fury Smartwatch Under 1299,Calculator hai??
I Tested boAt Wave Fury Smartwatch Under 1299,Mere pas hai
I Tested boAt Wave Fury Smartwatch Under 1299,Bhai laken koi games tho nahi ha
I Tested boAt Wave Fury Smartwatch Under 1299,Bhai Mere paas Yeh Khud Hai
I Tested boAt Wave Fury Smartwatch Under 1299,Isme app le sakte hai
I Tested boAt Wave Fury Smartwatch Under 1299,Aadesh
I Tested boAt Wave Fury Smartwatch Under 1299,Abe yahi watch maine 999 me liya flipkart pe
I Tested boAt Wave Fury Smartwatch Under 1299,Yah watch mere pass 3000 ki mili hai
I Tested boAt Wave Fury Smartwatch Under 1299,acuracy test kr ke dikho iske
I Tested boAt Wave Fury Smartwatch Under 1299,Bhai sim kaise dale is watch me
I Tested boAt Wave Fury Smartwatch Under 1299,boat wave fury ko woater ma dalo
I Tested boAt Wave Fury Smartwatch Under 1299,Ye mere pass he
I Tested boAt Wave Fury Smartwatch Under 1299,Lekin copy hai watch
I Tested boAt Wave Fury Smartwatch Under 1299,"Ye watch 4 months use ki aur accidentally screen gir k tuut gai, kaise repair karau, pls guide."
I Tested boAt Wave Fury Smartwatch Under 1299,Bro use boat wave lite smart watch
I Tested boAt Wave Fury Smartwatch Under 1299,Mai to 999 me li hai
I Tested boAt Wave Fury Smartwatch Under 1299,I purchase at least rs999 in bbd sale
I Tested boAt Wave Fury Smartwatch Under 1299,I have got this watch at 899 on flipkart big billion days
I Tested boAt Wave Fury Smartwatch Under 1299,Ye ab 899 ka ho Gaya hai
I Tested boAt Wave Fury Smartwatch Under 1299,Best
I Tested boAt Wave Fury Smartwatch Under 1299,I have also
I Tested boAt Wave Fury Smartwatch Under 1299,Bahut lag karti hai
I Tested boAt Wave Fury Smartwatch Under 1299,Kisne diya
I Tested boAt Wave Fury Smartwatch Under 1299,Please Bhai galaxy watch 6 dado
I Tested boAt Wave Fury Smartwatch Under 1299,Wave edge achhi hai
I Tested boAt Wave Fury Smartwatch Under 1299,Bhai ye watch mere bhi pass hai lekin mughe to ye watch 1699 ki mili magnatic strap ke sath
I Tested boAt Wave Fury Smartwatch Under 1299,Please comparison boat wave fury watch vs beatxp marv Neo
I Tested boAt Wave Fury Smartwatch Under 1299,Achi Laga
I Tested boAt Wave Fury Smartwatch Under 1299,Beatxp marv Ace be like -kya Karu me apni job chodu
I Tested boAt Wave Fury Smartwatch Under 1299,Rogbid model x smart watch
I Tested boAt Wave Fury Smartwatch Under 1299,Cake kaise banate ho
I Tested boAt Wave Fury Smartwatch Under 1299,Can these watches do that on a skinny waist?
I Tested boAt Wave Fury Smartwatch Under 1299,Raj Kumar Sharma and price of birth water
I Tested boAt Wave Fury Smartwatch Under 1299,bat kar sakte hai
I Tested boAt Wave Fury Smartwatch Under 1299,CR7
I Tested boAt Wave Fury Smartwatch Under 1299,Best smart watch
I Tested boAt Wave Fury Smartwatch Under 1299,Raja wali
I Tested boAt Wave Fury Smartwatch Under 1299,Watch ke scratch kaise jayegi
I Tested boAt Wave Fury Smartwatch Under 1299,Bhai iss me password aur game hai ???please reply me
I Tested boAt Wave Fury Smartwatch Under 1299,Bhaiya kya isme YouTube aur WhatsApp ka features bhi hai ya nahi
I Tested boAt Wave Fury Smartwatch Under 1299,Please review boat wave call smartwatch. And tell how to use it's sleep tracking feature.
I Tested boAt Wave Fury Smartwatch Under 1299,Boat is the best company
I Tested boAt Wave Fury Smartwatch Under 1299,Aachi haa
I Tested boAt Wave Fury Smartwatch Under 1299,Are meri smart watch luti hai kya bhai jaisi teri watch hai vaise hi mari watch hai
I Tested boAt Wave Fury Smartwatch Under 1299,Ab ye 1099 mein bhi hain..
I Tested boAt Wave Fury Smartwatch Under 1299,I have same
I Tested boAt Wave Fury Smartwatch Under 1299,Rs
I Tested boAt Wave Fury Smartwatch Under 1299,Brother muji iska link da do
I Tested boAt Wave Fury Smartwatch Under 1299,Bhaiya mera watch ki bettery nhi chal rahi
I Tested boAt Wave Fury Smartwatch Under 1299,We can insert sim card
I Tested boAt Wave Fury Smartwatch Under 1299,Watch se bat karne wala company dikaha
I Tested boAt Wave Fury Smartwatch Under 1299,Aap mujhe gift watch kar do kudedan wali koi si bhi le lunga please mujhe kar do Mera ground jila Sitapur
I Tested boAt Wave Fury Smartwatch Under 1299,I want pls
I Tested boAt Wave Fury Smartwatch Under 1299,I have things watch
I Tested boAt Wave Fury Smartwatch Under 1299,Bhai aap Ujjain me rehte ho kya
I Tested boAt Wave Fury Smartwatch Under 1299,Isma calculator hai please reply
I Tested boAt Wave Fury Smartwatch Under 1299,Boat wave fury vs Boat wave Infinity same price pe mil rhi hai at sale... which one should i buy?
I Tested boAt Wave Fury Smartwatch Under 1299,Bhai aap pls fire-bolt ki supernova smart watch ka review kar ye na pls pls pls pls pls pls pls pls pls pls pls pls
I Tested boAt Wave Fury Smartwatch Under 1299,Calling hai ki nahi
I Tested boAt Wave Fury Smartwatch Under 1299,Bhai meri watch 1 hour me charge ho gai or company to 2-3 hours dikha rahi hai koi dikkat hai kya
I Tested boAt Wave Fury Smartwatch Under 1299,S8 ultra watch anboking 4g sim
I Tested boAt Wave Fury Smartwatch Under 1299,Bhai mene ye watch le rakhi hai ye bahut bekar hai iske jagah aap boat wave elevet lo
I Tested boAt Wave Fury Smartwatch Under 1299,Soper
I Tested boAt Wave Fury Smartwatch Under 1299,good watch but I din't get this watch
I Tested boAt Wave Fury Smartwatch Under 1299,Please link pin comment
I Tested boAt Wave Fury Smartwatch Under 1299,Bhai ek bar dw89 ultra smart watch try karke dekho
I Tested boAt Wave Fury Smartwatch Under 1299,Very nice
I Tested boAt Wave Fury Smartwatch Under 1299,Aur use watch Hurricane fire bot Hurricane Ko Pani Mein Rakh Do
I Tested boAt Wave Fury Smartwatch Under 1299,Bhai big fan Ek Bar fire board hurry can be try karte Dekho iska waterproof check karao
boAt Wave sigma 3 new launch navigation watch big display,Boat wave astra 3 Smart Watch ka battery Backup bahut kam h only 2 days maximum
boAt Wave sigma 3 new launch navigation watch big display,Mere pass h ye best h
boAt Wave sigma 3 new launch navigation watch big display,sigma
boAt Wave sigma 3 new launch navigation watch big display,Mere paas hai maine leliya Good
boAt Wave sigma 3 new launch navigation watch big display,Bhai yah mere pass
boAt Wave sigma 3 new launch navigation watch big display,bhai mere pass hai
boAt Wave sigma 3 new launch navigation watch big display,Salasar pahle tu smart watch deta hai
boAt Wave sigma 3 new launch navigation watch big display,Bhut acchi hai mere pas hai ye
boAt Wave sigma 3 new launch navigation watch big display,Mere pass bhi hai yah
boAt Wave sigma 3 new launch navigation watch big display,Size
boAt Wave sigma 3 new launch navigation watch big display,Bhai ye bata do connect kaise kare mobile se
boAt Wave sigma 3 new launch navigation watch big display,"Don't buy boat products online, they are sending damaged products, and if requested to replace the product, they are making excuses to wait for 48 hours each day, they are not even refunding the paid amount after taking back the product. It's been more than 20 days, and they neither made any replacement nor refunded the paid amount."
boAt Wave sigma 3 new launch navigation watch big display,Bhai ye on nahi horha hai nahi charge utha Raha hai Kaise thik hoga bhai
boAt Wave sigma 3 new launch navigation watch big display,Anna boat wave time alapatalopatand
boAt Wave sigma 3 new launch navigation watch big display,Calculator?
boAt Wave sigma 3 new launch navigation watch big display,My friend is the namaste
boAt Wave sigma 3 new launch navigation watch big display,Does this watch comes with steps tracking
boAt Wave sigma 3 new launch navigation watch big display,Bhai calculator hai ya nhi ess mai ....
boAt Wave sigma 3 new launch navigation watch big display,Is watch ki price kya hai
boAt Wave sigma 3 new launch navigation watch big display,boAt
boAt Wave sigma 3 new launch navigation watch big display,Chinese hai
boAt Wave sigma 3 new launch navigation watch big display,Can I play youtube in this?
boAt Wave sigma 3 new launch navigation watch big display,Iska battery backup bahut kam hai
boAt Wave sigma 3 new launch navigation watch big display,Wave sigma 3 or fire boltt calling pro plus ?? Or anyother in this price .suggest pls
boAt Wave sigma 3 new launch navigation watch big display,Blutooth connect karne ke baad battery kitne din chalegi
boAt Wave sigma 3 new launch navigation watch big display,I use but battery life achi nhi hai
boAt Wave sigma 3 new launch navigation watch big display,Fastrack optimus 2 Pro kya ek acchi smart watch hai meri ek theme se upar aur medium se niche ki list hai usmein kya yah acchi lagegi
boAt Wave sigma 3 new launch navigation watch big display,Bekar hai yeh battery backup 1 din ka hai bas
boAt Wave sigma 3 new launch navigation watch big display,Iska navigation faltu hai. Or isme songs bhi nahi baja sakte totally waste of money hai ye watch
boAt Wave sigma 3 new launch navigation watch big display,Iske gane kese bajate hai?
boAt Wave sigma 3 new launch navigation watch big display,Bhai ye watch water proof h ya nahi
boAt Wave sigma 3 new launch navigation watch big display,Is it came with amolated screen?
boAt Wave sigma 3 new launch navigation watch big display,"Yashmi ,"
boAt Wave sigma 3 new launch navigation watch big display,Bhai ham ispe alag alag straps laga sakte hai kya
boAt Wave sigma 3 new launch navigation watch big display,Boat storm call 3 ka straps ka link milega ??
boAt Wave sigma 3 new launch navigation watch big display,Sleep tracker kese on kare ??
boAt Wave sigma 3 new launch navigation watch big display,Gps full form gaand par shoot
boAt Wave sigma 3 new launch navigation watch big display,Itni khaas nahi haan
boAt Wave sigma 3 new launch navigation watch big display,Itni lite h ki strap jada bhari h watch se aur watch dummy watch ki tarah lgti h
boAt Wave sigma 3 new launch navigation watch big display,Bhai bekar h maine aj hi mangai h return ke liye dal diya hu
boAt Wave sigma 3 new launch navigation watch big display,"Bai otp no coming, but what problem"
boAt Wave sigma 3 new launch navigation watch big display,Your voice is very attractive
boAt Wave sigma 3 new launch navigation watch big display,Calling future bahut hi kharab hai mera ghata lag gaya online refund nhi hua toh uske ade daam mein kisi aur ko de diya
boAt Wave sigma 3 new launch navigation watch big display,Fasttrack ki amlowd watch lena thik rahega
boAt Wave sigma 3 new launch navigation watch big display,I am thinking to buy fireboltt phoenix amoled .. Should i buy this or something else? Plz tell.. Thanx!
boAt Wave sigma 3 new launch navigation watch big display,I am not satisfied with battery backup. 1 ya 2 din hi acche se jata hai...lekin claim karta hai 10 din ka... I am disappointed bOat.
boAt Wave sigma 3 new launch navigation watch big display,Kya hua batayiye pani ghusa hay kya
boAt Wave sigma 3 new launch navigation watch big display,Bhai boult crown blue me pani ghusa hay kya
boAt Wave sigma 3 new launch navigation watch big display,Boat ye wala vs noice icon 3 plus konsa best hai please batado?
boAt Wave sigma 3 new launch navigation watch big display,Full video upload plz
boAt Wave sigma 3 new launch navigation watch big display,3rd comment
boAt Wave sigma 3 new launch navigation watch big display,Wow navigation watch
boAt Wave sigma 3 new launch navigation watch big display,Sir khya mai beatxp vega neo buy karu ya nahi please bataye
Best Smartwatch to Buy in Sale!,Buy link -
Best Smartwatch to Buy in Sale!,What about health accuracy??
Best Smartwatch to Buy in Sale!,Mera pass hai
Best Smartwatch to Buy in Sale!,NOISE Is best
Best Smartwatch to Buy in Sale!,Bhai kya yeh is meh games bhi hai
Best Smartwatch to Buy in Sale!,Does it have blue tooth connection feature?
Best Smartwatch to Buy in Sale!,Game he kay
Best Smartwatch to Buy in Sale!,Bhai Mera boult crown isse behtar hain
